product_name,product_price,product_data,product_rateing,img_link
"Sony WH-CH710N Noise Cancelling Wireless Headphones : Bluetooth Over The Ear Headset with Mic for Phone-Call, 35 Hours Battery Life, Quick Charge and Google Assitant - Black","7,990"," Get it by Tomorrow, June 22FREE Delivery by Amazon",3.5 out of 5 stars.,https://m.media-amazon.com/images/I/61N6Ai7RkJL._AC_UY218_.jpg
"Fire-Boltt Blast 1400 Over -Ear Bluetooth Wireless Headphones with 25H Playtime, Thumping Bass, Lightweight Foldable Compact Design with Google/Siri Voice Assistance","2,499"," Get it by Tomorrow, June 22FREE Delivery by Amazon",3.2 out of 5 stars.,https://m.media-amazon.com/images/I/71lczMQC1bL._AC_UY218_.jpg
"Boult Audio Bass Buds Q2 Over-Ear Wired Lightweight Stereo Headphones, Deep Bass & in-Built Mic, Headset with Comfortable Ear Cushions, Long Cord (Black)",549,FREE Delivery by Amazon,3.2 out of 5 stars.,https://m.media-amazon.com/images/I/71rSu40EANL._AC_UY218_.jpg
"boAt Rockerz 370 Wireless Headphone with Bluetooth 5.0, Immersive Audio, Lightweight Ergonomic Design, Cosy Padded Earcups and Up to 12H Playback Bliss (Buoyant Black)",999,FREE Delivery by Amazon,3.8 out of 5 stars,https://m.media-amazon.com/images/I/61kWB+uzR2L._AC_UY218_.jpg
"Zebronics Zeb-Thunder Wireless BT Headphone Comes with 40mm Drivers, AUX Connectivity, Built in FM, Call Function, 9Hrs* Playback time and Supports Micro SD Card (Blue)",699," Get it by Thursday, June 24FREE Delivery by Amazon",4.1 out of 5 stars,https://m.media-amazon.com/images/I/81lLGM7SKbL._AC_UY218_.jpg
"Boult Audio AirBass TrueBuds True Wireless Earbuds with 30 Hours Total Playtime & Deep Bass, Type-C Fast Charging, Touch Controls, IPX7 Fully Waterproof, Noise Isolation and Voice Assistant (Red)","1,799","

FREE Delivery by Amazon

",3.9 out of 5 stars,"https://images-eu.ssl-images-amazon.com/images/S/amazon-avatars-global/415acc4b-c514-483e-9d75-eb6bee1eecb0._CR0,0,500,500_SX50_._TTW_.jpg"
boAt Bassheads 900 On Ear Wired Headphones(Carbon Black),"19,990",FREE Delivery by Amazon,4.0 out of 5 stars,https://m.media-amazon.com/images/I/61D4Z3yKPAL._AC_UL320_.jpg
boAt Rockerz 450 Bluetooth On-Ear Headphone with Mic(Luscious Black),"1,349"," Get it by Tomorrow, June 22FREE Delivery by Amazon",3.8 out of 5 stars,https://m.media-amazon.com/images/I/71CM0FCo3BL._AC_UL320_.jpg
"pTron Studio Over-Ear Bluetooth 5.0 Wireless Headphones, Hi-Fi Sound with Deep Bass, 12Hrs Playback, Ergonomic & Lightweight Wireless Headset, Soft Cushions Earpads, Aux Port & Mic - (Blue)","1,299"," Get it by Tomorrow, June 22FREE Delivery by Amazon",3.7 out of 5 stars,https://m.media-amazon.com/images/I/61stQYWQO4L._AC_UL320_.jpg
"Zebronics Zeb-Thunder Wireless BT Headphone Comes with 40mm Drivers, AUX Connectivity, Built in FM, Call Function, 9Hrs* Playback time and Supports Micro SD Card (Red)","1,798",FREE Delivery by Amazon,4.4 out of 5 stars,https://m.media-amazon.com/images/I/71s9FMKzr+L._AC_UL320_.jpg
Sony MDR-ZX110 On-Ear Stereo Headphones (Black),799," Get it by Tomorrow, June 22FREE Delivery by Amazon",4.2 out of 5 stars,https://m.media-amazon.com/images/I/61xeIT6UHrL._AC_UY218_.jpg
Noise Air Buds Truly Headphone - Jet Black,"1,399"," Get it by Thursday, June 24FREE Delivery by Amazon",4.1 out of 5 stars,https://m.media-amazon.com/images/I/61ihz46SLOL._AC_UY218_.jpg
Boult Audio BassBuds Storm in-Ear Wired Earphones with Mic and Full Metal Body for Extra Bass & HD Sound with Passive Noise Cancellation (Black),799,FREE Delivery over ₹499. Fulfilled by Amazon,4.0 out of 5 stars,https://m.media-amazon.com/images/I/51yC6vz9TYL._AC_UY218_.jpg
"Buddymate SH-12 Portable & Foldable Over-Ear Bluetooth Headphone with 9 Hours Battery Life,Soft Cushions,Deep Bass & SD/USB/AUX Support for All Devices (Random Colour)",699," Get it by Friday, June 25FREE Delivery by Amazon",4.2 out of 5 stars,https://m.media-amazon.com/images/I/81cJ1kUT1LL._AC_UY218_.jpg
"pTron Studio Over-Ear Bluetooth 5.0 Wireless Headphones, Hi-Fi Sound with Deep Bass, 12Hrs Playback, Ergonomic & Lightweight Wireless Headset, Soft Cushions Earpads, Aux Port & Mic - (Black)",899," Get it by Tomorrow, June 22FREE Delivery by Amazon",4.1 out of 5 stars,https://m.media-amazon.com/images/I/51eJUpMRnzL._AC_UY218_.jpg
JBL C50HI by Harman in-Ear Headphones with Mic (Blue),"2,099"," Get it by Friday, June 25FREE Delivery by Amazon",3.9 out of 5 stars,https://m.media-amazon.com/images/I/41ZiGBAyMqL._AC_UY218_.jpg
boAt Rockerz 450 Bluetooth On-Ear Headphone with Mic(Aqua Blue),349," Get it by Tomorrow, June 22FREE Delivery by Amazon",3.8 out of 5 stars,https://m.media-amazon.com/images/I/7170KkO3wdL._AC_UY218_.jpg
"Redragon H120 Wired Gaming Headset with Microphone and Volume Control for Mobiles/Smart Devices, PC and PS4 (Black)",529," Get it by Thursday, June 24FREE Delivery by Amazon",4.0 out of 5 stars,https://m.media-amazon.com/images/I/51IRCMMjHqL._AC_UY218_.jpg
"Cosmic Byte GS430 Gaming Headphone, 7 Color RGB LED and Microphone for PC, PS5, Xbox, Mobiles, Tablets, Laptops (Black)",799," Get it by Tomorrow, June 22FREE Delivery by Amazon",3.7 out of 5 stars,https://m.media-amazon.com/images/I/513mDbXPxaS._AC_UY218_.jpg
"DUETMI Bluetooth Neckband, in-Ear Wireless Earphones with 12 Hour Battery Life, Fast Charging & in-Built Mic, IPX5 Sweatproof Headphones (Black)",499," Get it by Friday, June 25FREE Delivery",3.9 out of 5 stars,https://m.media-amazon.com/images/I/617bCX7Y-aL._AC_UY218_.jpg
"PTron Boom Ultima V2 Dual Driver, In-Ear Gaming Wired Headphones with in-line Mic, Volume Control, Passive Noise Cancelling Boom 3 Earphones with 3.5mm Audio Jack & 1.2M Tangle-free Cable - (Black)","1,499"," Get it by Tomorrow, June 22FREE Delivery over ₹499. Fulfilled by Amazon",3.6 out of 5 stars,https://m.media-amazon.com/images/I/61WjZrbnqML._AC_UY218_.jpg
"Infinity Glide 500 by Harman (JBL, HK, Infinity), 20 Hrs Playtime with Quick Charge, Wireless On Ear Headphone with Mic, Deep Bass, Dual Equalizer, Bluetooth 5.0 with Voice Assistant Support (Black)",799," Get it by Tomorrow, June 22FREE Delivery by Amazon",3.9 out of 5 stars,https://m.media-amazon.com/images/I/615w9FdRJDL._AC_UY218_.jpg
"Infinity (JBL) Glide 120, in Ear Wireless Earphones with Mic, Deep Bass, Dual Equalizer, 12mm Drivers, Premium Metal Earbuds, Comfortable Flex Neckband, Bluetooth 5.0, IPX5 Sweatproof (Black&Yellow)","1,049"," Get it by Tomorrow, June 22FREE Delivery by Amazon",3.8 out of 5 stars,https://m.media-amazon.com/images/I/7154EWu-5LL._AC_UY218_.jpg
"Boult Audio ProBass FluidX Over-Ear Unbreakable Wireless Bluetooth Headphones with Microphone, Headset with Passive Noise Cancellation & Long Battery Life","1,099",FREE Delivery by Amazon,3.5 out of 5 stars.,https://m.media-amazon.com/images/I/81BrGPH+g1L._AC_UY218_.jpg
"MYXR+ Active Noise Cancelling(ANC) Wireless Headphones MX36 (Platinum) : 50 Hours Battery, Qualcomm 5.0 Bluetooth Chip, Type-C Fast Charging","6,499"," Get it by Saturday, June 26FREE Delivery by Amazon",3.2 out of 5 stars.,https://m.media-amazon.com/images/I/71012pZfQlL._AC_UY218_.jpg
"Zebronics Zeb-Bang Foldable Wireless BT Headphone Comes with 40mm Drivers, AUX Connectivity, Call Function, 16Hrs* Playback time & Supports Voice Assistant (Black)",799," Get it by Friday, June 25FREE Delivery by Amazon",3.2 out of 5 stars.,https://m.media-amazon.com/images/I/71hndRNS7kL._AC_UY218_.jpg
"DUETMI Bluetooth Neckband, in-Ear Wireless Earphones with 12 Hour Battery Life, Fast Charging & in-Built Mic, IPX5 Sweatproof Headphones (Black)",249," Get it by Friday, June 25FREE Delivery",3.8 out of 5 stars,https://m.media-amazon.com/images/I/41MKBAK0zxL._AC_UY218_.jpg
"pTron Tangent Lite Bluetooth 5.0 Wireless Headphones with Hi-Fi Stereo Sound, 6Hrs Playtime, Lightweight Ergonomic Neckband, Sweat-Resistant Magnetic Earbuds, Voice Assistant & Mic - (Black)",599," Get it by Tomorrow, June 22FREE Delivery by Amazon",3.6 out of 5 stars,https://m.media-amazon.com/images/I/51Bi92jvyDL._AC_UY218_.jpg
"PTron Boom Ultima V2 Dual Driver, In-Ear Gaming Wired Headphones with in-line Mic, Volume Control, Passive Noise Cancelling Boom 3 Earphones with 3.5mm Audio Jack & 1.2M Tangle-free Cable - (Black)",399," Get it by Tomorrow, June 22FREE Delivery over ₹499. Fulfilled by Amazon",3.7 out of 5 stars,https://m.media-amazon.com/images/I/61KuS-yAFGL._AC_UY218_.jpg
JBL C100SI by Harman In-Ear Deep Bass Headphones with Mic (Black),679," Get it by Tomorrow, June 22FREE Delivery by Amazon",3.5 out of 5 stars,https://m.media-amazon.com/images/I/61ptzNC8r8L._AC_UY218_.jpg
"Zebronics Zeb-Thunder Wireless BT Headphone with Built-in FM,AUX Connectivity and Micro SD Card Support(Brown)",699," Get it by Tomorrow, June 22FREE Delivery by Amazon",3.8 out of 5 stars,https://m.media-amazon.com/images/I/811UXhL9eUL._AC_UY218_.jpg
"Redragon H120 Wired Gaming Headset with Microphone and Volume Control for Mobiles/Smart Devices, PC and PS4 (Black)",799," Get it by Thursday, June 24FREE Delivery by Amazon",4.1 out of 5 stars,https://m.media-amazon.com/images/I/615w9FdRJDL._AC_UY218_.jpg
"Zebronics Zeb-Thunder Wireless BT Headphone Comes with 40mm Drivers, AUX Connectivity, Built in FM, Call Function, 9Hrs* Playback time and Supports Micro SD Card (Black)",699," Get it by Tomorrow, June 22FREE Delivery by Amazon",3.8 out of 5 stars,https://m.media-amazon.com/images/I/71O7+VmlvVL._AC_UY218_.jpg
"Boult Audio ProBass Thunder Over-Ear Wireless Bluetooth Headphones with Mic, Headset with Passive Noise Cancellation & Long Battery Life","1,199"," Get it by Friday, June 25FREE Delivery by Amazon",3.8 out of 5 stars,https://m.media-amazon.com/images/I/81bgqR0BQhL._AC_UY218_.jpg
"Boult Audio ProBass Flex Over-Ear Wireless Bluetooth Headphones with Mic & Extra Bass, Headset with Wired Connectivity Option & Long Battery Life","1,199",FREE Delivery by Amazon,3.8 out of 5 stars,https://m.media-amazon.com/images/I/71AD5iVm62L._AC_UY218_.jpg
"Haryani's P47 Wireless Bluetooth Headphones 5.0+EDR with Volume Control, HD Sound and Bass, Mic, SD Card Slot and (Black) & Magnet Bluetooth Headsets (Black) Combo",599,"Get it Saturday, June 26 - Sunday, June 27FREE Delivery",3.8 out of 5 stars,https://m.media-amazon.com/images/I/515VlDcgQNL._AC_UY218_.jpg
boAt Bassheads 242 in Ear Wired Earphones with Mic(Active Black),549," Get it by Tomorrow, June 22FREE Delivery by Amazon",3.8 out of 5 stars,https://m.media-amazon.com/images/I/61+tzvHZi+L._AC_UY218_.jpg
boAt Bassheads 900 On Ear Wired Headphones(Pearl White),799," Get it by Tomorrow, June 22FREE Delivery by Amazon",4.0 out of 5 stars,https://m.media-amazon.com/images/I/71r6AArbBBL._AC_UY218_.jpg
boAt Rockerz 450 Bluetooth On-Ear Headphone with Mic(Aqua Blue),"1,499"," Get it by Tomorrow, June 22FREE Delivery by Amazon",4.1 out of 5 stars,https://m.media-amazon.com/images/I/61WjZrbnqML._AC_UY218_.jpg
Redgear Cloak Wired RGB Gaming Headphones with Microphone for PC,320,"Get it Friday, June 25 - Tuesday, June 29FREE Delivery",4.2 out of 5 stars,https://m.media-amazon.com/images/I/71L26Qve3jL._AC_UY218_.jpg
"Wireless Bluetooth Neckband (Buy) Earphones Worth ₹100 (Free) Earphone Headset Portable Headphone Hand Free Sports Running Compatible with Mic, USB Cable (Free) Combo",799," Get it by Tomorrow, June 22FREE Delivery by Amazon",4.1 out of 5 stars,https://m.media-amazon.com/images/I/31r-gv-ouvS._AC_UY218_.jpg
"pTron Tangentbeat Bluetooth 5.0 Wireless Headphones with Deep Bass, Ergonomic Design, IPX4 Sweat/Waterproof Neckband, Magnetic Earbuds, Voice Assistant, Passive Noise Cancelation & Mic - (Dark Blue)","1,599"," Get it by Tomorrow, June 22FREE Delivery by Amazon",4.0 out of 5 stars,https://m.media-amazon.com/images/I/51P6DqgGnaS._AC_UY218_.jpg
boAt Rockerz 510 Bluetooth On-Ear Headphone with Mic(Raging Red),"7,990"," Get it by Tomorrow, June 22FREE Delivery by Amazon",3.5 out of 5 stars,https://m.media-amazon.com/images/I/61YvHa6o94L._AC_UY218_.jpg
"Sony WH-CH710N Noise Cancelling Wireless Headphones : Bluetooth Over The Ear Headset with Mic for Phone-Call, 35 Hours Battery Life, Quick Charge and Google Assitant - Black","2,298"," Get it by Thursday, June 24FREE Delivery by Amazon",4.1 out of 5 stars,https://m.media-amazon.com/images/I/61N6Ai7RkJL._AC_UY218_.jpg
Noise Air Buds Truly Headphone - ICY White,no_price,none,none,Img_link_not_found
"Boult Audio ProBass FluidX Over-Ear Unbreakable Wireless Bluetooth Headphones with Microphone, Headset with Passive Noise Cancellation & Long Battery Life","1,099",FREE Delivery by Amazon,3.5 out of 5 stars.,https://m.media-amazon.com/images/I/81BrGPH+g1L._AC_UY218_.jpg
"MYXR+ Active Noise Cancelling(ANC) Wireless Headphones MX36 (Platinum) : 50 Hours Battery, Qualcomm 5.0 Bluetooth Chip, Type-C Fast Charging","6,499"," Get it by Saturday, June 26FREE Delivery by Amazon",3.2 out of 5 stars.,https://m.media-amazon.com/images/I/71012pZfQlL._AC_UY218_.jpg
"Zebronics Zeb-Thunder Wireless BT Headphone with Built-in FM,AUX Connectivity and Micro SD Card Support(Brown)",699," Get it by Tomorrow, June 22FREE Delivery by Amazon",3.2 out of 5 stars.,https://m.media-amazon.com/images/I/811UXhL9eUL._AC_UY218_.jpg
"Zebronics Zeb-Symphony ​Wireless ​In Ear​ ​Neckband Earphone​ ​with BT 5.0, Dual Pairing, Call Function, Splash Proof, Magnetic Earpiece",599," Get it by Tomorrow, June 22FREE Delivery by Amazon",3.8 out of 5 stars,https://m.media-amazon.com/images/I/717aeqCigsL._AC_UY218_.jpg
"Teconica AT199 Wired On-Ear Headphones with Tangle Free Cable, 3.5 mm Jack, Headset with Mic for Phone Calls Compatible with All Devices (Random Color)",269,"Get it Saturday, June 26 - Sunday, June 27",3.6 out of 5 stars,https://m.media-amazon.com/images/I/51bXYOcOdgS._AC_UY218_.jpg
"Spirili P-47 Portable Wireless Headphone with Bluetooth 4.2, Super Audio, Lightweight Design,FM, Aux, SD Card & Calling Control Supported Compatible with All Mobile Phones (Multi Color)",499," Get it by Friday, June 25FREE Delivery by Amazon",3.8 out of 5 stars,https://m.media-amazon.com/images/I/61kFG31YCsL._AC_UY218_.jpg
"boAt Rockerz 550 Over-Ear Wireless Headphone with Ergonomic Aesthetics, Plush Padded Earcups, Immersive Audio, Bluetooth v5.0 & Upto 20H Playback (Black)","1,999"," Get it by Tomorrow, June 22FREE Delivery by Amazon",3.3 out of 5 stars,https://m.media-amazon.com/images/I/710XhG8bO3L._AC_UY218_.jpg
"LIMESHOT Neckband in-Ear Wireless Earphones with 6 Hours Playtime,IPX5 Sweatproof Headphones, Latest Bluetooth 5.0 & Flexible Headset with in-Built Microphone (Red)",399," Get it by Sunday, June 27",2.9 out of 5 stars,https://m.media-amazon.com/images/I/41e486AFRLL._AC_UY218_.jpg
iBall Kids Diva Wired Headphone with in line Volume Controller (Violet and Pink),649," Get it by Friday, June 25FREE Delivery by Amazon",4.1 out of 5 stars,https://m.media-amazon.com/images/I/71IPlO9Rl0L._AC_UY218_.jpg
"Wireless Bluetooth Neckband (Buy) Earphones Worth ₹100 (Free) Earphone Headset Portable Headphone Hand Free Sports Running Compatible with Mic, USB Cable (Free) Combo",320,"Get it Friday, June 25 - Tuesday, June 29",3.2 out of 5 stars,https://m.media-amazon.com/images/I/31r-gv-ouvS._AC_UY218_.jpg
"Boult Audio ProBass Thunder Over-Ear Wireless Bluetooth Headphones with Mic, Headset with Passive Noise Cancellation & Long Battery Life","1,199"," Get it by Friday, June 25FREE Delivery by Amazon",3.7 out of 5 stars,https://m.media-amazon.com/images/I/81bgqR0BQhL._AC_UY218_.jpg
Zebronics Zeb-Bang Bluetooth Headphone with Voice Assistant (Orange),849," Get it by Tomorrow, June 22FREE Delivery by Amazon",3.5 out of 5 stars,https://m.media-amazon.com/images/I/71YDoi-vKYL._AC_UY218_.jpg
"boAt Rockerz 370 Wireless Headphone with Bluetooth 5.0, Immersive Audio, Lightweight Ergonomic Design, Cosy Padded Earcups and Up to 12H Playback Bliss (Fiery Red)",999," Get it by Friday, June 25FREE Delivery by Amazon",3.8 out of 5 stars,https://m.media-amazon.com/images/I/61+paS1uwjL._AC_UY218_.jpg
"pTron Tangentbeat Bluetooth 5.0 Wireless Headphones with Deep Bass, Ergonomic Design, IPX4 Sweat/Waterproof Neckband, Magnetic Earbuds, Voice Assistant, Passive Noise Cancelation & Mic - (Dark Blue)",799," Get it by Tomorrow, June 22FREE Delivery by Amazon",3.7 out of 5 stars,https://m.media-amazon.com/images/I/51P6DqgGnaS._AC_UY218_.jpg
"pTron Boom Ultima 4D Dual Driver, in-Ear Gaming Wired Headphones with in-line Mic, Volume Control & Passive Noise Cancelling Boom 3 Earphones - (Dark Blue)",399," Get it by Tomorrow, June 22FREE Delivery over ₹499. Fulfilled by Amazon",4.0 out of 5 stars,https://m.media-amazon.com/images/I/61qpkPzbEEL._AC_UY218_.jpg
Zinq Technologies Beatle 5155 Super Bass Bluetooth On-Ear Headphones with Mic (Black),619,FREE Delivery by Amazon,4.1 out of 5 stars,https://m.media-amazon.com/images/I/515k1-haxQL._AC_UY218_.jpg
JBL C50HI by Harman in-Ear Headphones with Mic (Black),499," Get it by Tomorrow, June 22FREE Delivery by Amazon",3.8 out of 5 stars,https://m.media-amazon.com/images/I/61bKM6CSSFL._AC_UY218_.jpg
"Philips Audio SHE1505 in-Ear Rich Bass Headphones with 10 mm Drivers, Passive Noise Isolation and Mic (Black)",325," Get it by Tomorrow, June 22FREE Delivery over ₹499. Fulfilled by Amazon",4.1 out of 5 stars,https://m.media-amazon.com/images/I/518-+0jg8BS._AC_UY218_.jpg
(Renewed) Ant Esports HD RGB LED Gaming Headset (H530 - Black & Red),905," Get it by Friday, June 25FREE Delivery by Amazon",3.8 out of 5 stars,https://m.media-amazon.com/images/I/51q2KAqJX4L._AC_UY218_.jpg
"Logitech H111 Wired Headset, Stereo Headphones with Noise-Cancelling Microphone, 3.5 mm Audio Jack, PC/Mac/Laptop/Smartphone/Tablet - Black",795," Get it by Thursday, June 24FREE Delivery by Amazon",3.9 out of 5 stars,https://m.media-amazon.com/images/I/61HBpQuLjVL._AC_UY218_.jpg
"Boult Audio ProBass Flex Over-Ear Wireless Bluetooth Headphones with Mic & Extra Bass, Headset with Wired Connectivity Option & Long Battery Life","1,199",FREE Delivery by Amazon,1.0 out of 5 stars,https://m.media-amazon.com/images/I/71AD5iVm62L._AC_UY218_.jpg
"Sony WH-CH710N Noise Cancelling Wireless Headphones : Bluetooth Over The Ear Headset with Mic for Phone-Call, 35 Hours Battery Life, Quick Charge and Google Assitant - Black","7,990"," Get it by Tomorrow, June 22FREE Delivery by Amazon",4.0 out of 5 stars,https://m.media-amazon.com/images/I/61N6Ai7RkJL._AC_UY218_.jpg
"Boult Audio ProBass FluidX Over-Ear Unbreakable Wireless Bluetooth Headphones with Microphone, Headset with Passive Noise Cancellation & Long Battery Life","1,099",FREE Delivery by Amazon,3.5 out of 5 stars.,https://m.media-amazon.com/images/I/81BrGPH+g1L._AC_UY218_.jpg
"MYXR+ Active Noise Cancelling(ANC) Wireless Headphones MX36 (Platinum) : 50 Hours Battery, Qualcomm 5.0 Bluetooth Chip, Type-C Fast Charging","6,499"," Get it by Saturday, June 26FREE Delivery by Amazon",3.2 out of 5 stars.,https://m.media-amazon.com/images/I/71012pZfQlL._AC_UY218_.jpg
"Logitech H110 Wired headset, Stereo Headphones with noise-cancelling Microphone,3.5-mm Dual Audio Jack, PC/Mac/Laptop- Grey",749," Get it by Thursday, June 24FREE Delivery by Amazon",3.2 out of 5 stars.,https://m.media-amazon.com/images/I/61IWe1ZAgcL._AC_UY218_.jpg
"ONKARONUS MDR-XB450 Wired Extra Bass On-Ear Headphones with Tangle Free Cable, 3.5mm Jack, Headset with Mic for Phone Calls (Blue)",319.,"Get it Saturday, June 26 - Sunday, June 27FREE Delivery",3.8 out of 5 stars,https://m.media-amazon.com/images/I/31u3Dp702fS._AC_UY218_.jpg
Heypex SH-12 Wireless Portable Bluetooth V4.2 Over The Ear Headphone Comes with SD/FM/AUX & Inbuilt Mic for All Devices (Multi-Colour),499,"Get it Saturday, June 26 - Sunday, June 27₹80 shipping",3.6 out of 5 stars,https://m.media-amazon.com/images/I/51fZ8ZeW5TL._AC_UY218_.jpg
"boAt Rockerz 370 Wireless Headphone with Bluetooth 5.0, Immersive Audio, Lightweight Ergonomic Design, Cosy Padded Earcups and Up to 12H Playback Bliss(Gregarious Green)",999," Get it by Tomorrow, June 22FREE Delivery by Amazon",3.8 out of 5 stars,https://m.media-amazon.com/images/I/61I3R2ioAlL._AC_UY218_.jpg
iBall Kids Diva Wired Headphone with in line Volume Controller (Violet and Pink),649," Get it by Friday, June 25FREE Delivery by Amazon",4.4 out of 5 stars,https://m.media-amazon.com/images/I/71IPlO9Rl0L._AC_UY218_.jpg
Praxan PJ-47 Wireless Portable & Foldable Bluetooth Sports Headphone with Microphone | Aux | USB Rechargeable | Soft Ear-Cushions and SD Card Support Compatible with All Devices (Random Color),499," Get it by Friday, June 25FREE Delivery by Amazon",3.4 out of 5 stars,https://m.media-amazon.com/images/I/414fU2wd8xL._AC_UY218_.jpg
Jecool SH12 Wireless Bluetooth Headphone for Mobile with Mic with FM and SD Card Slot with Music and Calling Controls (Green),499," Get it by Saturday, June 26FREE Delivery",4.0 out of 5 stars,https://m.media-amazon.com/images/I/51ViAUowt4L._AC_UY218_.jpg
"Sennheiser CX 180 Street II In-Ear Headphone (Black), without Mic",749, FREE Delivery by Amazon,3.7 out of 5 stars,https://m.media-amazon.com/images/I/51j4zZ9eQSL._AC_UY218_.jpg
"Boult Audio ProBass Thunder Over-Ear Wireless Bluetooth Headphones with Mic, Headset with Passive Noise Cancellation & Long Battery Life","1,199"," Get it by Friday, June 25FREE Delivery by Amazon",5.0 out of 5 stars,https://m.media-amazon.com/images/I/81bgqR0BQhL._AC_UY218_.jpg
Zebronics Zeb-Bang Bluetooth Headphone with Voice Assistant (Orange),849," Get it by Tomorrow, June 22FREE Delivery by Amazon",2.2 out of 5 stars,https://m.media-amazon.com/images/I/71YDoi-vKYL._AC_UY218_.jpg
"pTron Tangent Lite Bluetooth 5.0 Wireless Headphones with Hi-Fi Stereo Sound, 6Hrs Playtime, Lightweight Ergonomic Neckband, Sweat-Resistant Magnetic Earbuds, Voice Assistant & Mic - (Black & Red)",599," Get it by Friday, June 25FREE Delivery by Amazon",4.1 out of 5 stars,https://m.media-amazon.com/images/I/516P6a3hxXS._AC_UY218_.jpg
boAt Bassheads 225 in Ear Wired Earphones with Mic(Black),549, FREE Delivery by Amazon,3.8 out of 5 stars,https://m.media-amazon.com/images/I/61iSV4o+X-L._AC_UY218_.jpg
boAt Bassheads 225 in Ear Wired Earphones with Mic(Blue),549," Get it by Tomorrow, June 22FREE Delivery by Amazon",3.7 out of 5 stars,https://m.media-amazon.com/images/I/61fFdoB6VzL._AC_UY218_.jpg
"Boult Audio ProBass CurvePro Bluetooth Neckband with Vibration Alert for Calls, in-Ear Wireless Earphones with 12 Hour Battery Life, Fast Charging & in-Built Mic, IPX5 Sweatproof Headphones (Grey)","1,199"," Get it by Friday, June 25FREE Delivery by Amazon",3.5 out of 5 stars,https://m.media-amazon.com/images/I/71bOBMl3+sL._AC_UY218_.jpg
boAt Bassheads 100 in Ear Wired Earphones with Mic(Furious Red),399," Get it by Tomorrow, June 22FREE Delivery over ₹499. Fulfilled by Amazon",4.0 out of 5 stars,https://m.media-amazon.com/images/I/61l+14s5QVL._AC_UY218_.jpg
Cosmic Byte Over the Ear Headsets with Mic & LED - G4000 Edition (Blue),"1,099"," Get it by Tomorrow, June 22FREE Delivery by Amazon",4.0 out of 5 stars,https://m.media-amazon.com/images/I/51LmzwpcHhL._AC_UY218_.jpg
"Sony WI-C200 Wireless In-Ear Headphones with 15 Hours Battery Life, Quick Charge, Magnetic Earbuds for Tangle Free Carrying,Metallic Finish, Bluetooth ver 5.0, Headset with mic for phone calls (Black)","1,699"," Get it by Tomorrow, June 22FREE Delivery by Amazon",3.8 out of 5 stars,https://m.media-amazon.com/images/I/61ECm9HL6FL._AC_UY218_.jpg
"Infinity Glide 510 by Harman (JBL, HK, Infinity), 72 Hrs Playtime with Quick Charge, Wireless On Ear Headphone with Mic, Deep Bass, Dual Equalizer, Bluetooth 5.0 with Voice Assistant Support (Black)","1,699"," Get it by Tomorrow, June 22FREE Delivery by Amazon",4.1 out of 5 stars,https://m.media-amazon.com/images/I/716Il5U5F4L._AC_UY218_.jpg
"Boult Audio ProBass Flex Over-Ear Wireless Bluetooth Headphones with Mic & Extra Bass, Headset with Wired Connectivity Option & Long Battery Life","1,199",FREE Delivery by Amazon,4.0 out of 5 stars,https://m.media-amazon.com/images/I/71AD5iVm62L._AC_UY218_.jpg
"Sony WH-CH710N Noise Cancelling Wireless Headphones : Bluetooth Over The Ear Headset with Mic for Phone-Call, 35 Hours Battery Life, Quick Charge and Google Assitant - Black","7,990"," Get it by Tomorrow, June 22FREE Delivery by Amazon",3.9 out of 5 stars,https://m.media-amazon.com/images/I/61N6Ai7RkJL._AC_UY218_.jpg
"Boult Audio ProBass FluidX Over-Ear Unbreakable Wireless Bluetooth Headphones with Microphone, Headset with Passive Noise Cancellation & Long Battery Life","1,099",FREE Delivery by Amazon,3.5 out of 5 stars.,https://m.media-amazon.com/images/I/81BrGPH+g1L._AC_UY218_.jpg
"MYXR+ Active Noise Cancelling(ANC) Wireless Headphones MX36 (Platinum) : 50 Hours Battery, Qualcomm 5.0 Bluetooth Chip, Type-C Fast Charging","6,499"," Get it by Saturday, June 26FREE Delivery by Amazon",3.2 out of 5 stars.,https://m.media-amazon.com/images/I/71012pZfQlL._AC_UY218_.jpg
"Boult Audio ProBass CurvePro Bluetooth Neckband with Vibration Alert for Calls, in-Ear Wireless Earphones with 12 Hour Battery Life, Fast Charging & in-Built Mic, IPX5 Sweatproof Headphones (Grey)","1,199"," Get it by Friday, June 25FREE Delivery by Amazon",3.2 out of 5 stars.,https://m.media-amazon.com/images/I/71bOBMl3+sL._AC_UY218_.jpg
boAt Bassheads 100 in Ear Wired Earphones with Mic(Furious Red),399," Get it by Tomorrow, June 22FREE Delivery over ₹499. Fulfilled by Amazon",3.8 out of 5 stars,https://m.media-amazon.com/images/I/61l+14s5QVL._AC_UY218_.jpg
"Sony WI-C200 Wireless In-Ear Headphones with 15 Hours Battery Life, Quick Charge, Magnetic Earbuds for Tangle Free Carrying,Metallic Finish, Bluetooth ver 5.0, Headset with mic for phone calls (Black)","1,699"," Get it by Tomorrow, June 22FREE Delivery by Amazon",3.6 out of 5 stars,https://m.media-amazon.com/images/I/61ECm9HL6FL._AC_UY218_.jpg
"Infinity Glide 510 by Harman (JBL, HK, Infinity), 72 Hrs Playtime with Quick Charge, Wireless On Ear Headphone with Mic, Deep Bass, Dual Equalizer, Bluetooth 5.0 with Voice Assistant Support (Black)","1,699"," Get it by Tomorrow, June 22FREE Delivery by Amazon",3.8 out of 5 stars,https://m.media-amazon.com/images/I/716Il5U5F4L._AC_UY218_.jpg
"Zebronics Zeb-Symphony ​Wireless ​In Ear​ ​Neckband Earphone​ ​with BT 5.0, Dual Pairing, Call Function, Splash Proof, Magnetic Earpiece",599," Get it by Tomorrow, June 22FREE Delivery by Amazon",4.1 out of 5 stars,https://m.media-amazon.com/images/I/717aeqCigsL._AC_UY218_.jpg
"WeCool N1 Bluetooth Headphones with Dynamic Drivers for Immersive Music Experience, IPX5 Sweatproof, 12 Hours Playtime, Flexible Neckband Earphones (Black)",699," Get it by Tomorrow, June 22FREE Delivery by Amazon",3.9 out of 5 stars,https://m.media-amazon.com/images/I/61aroT+y8iL._AC_UY218_.jpg
"pTron Bassbuds Jets True Wireless Bluetooth 5.0 Headphones, 20Hrs Total Playback with Case, Deep Bass, Touch Control, IPX4 Water Resistant, Voice Assistant, Built-in Mic & Digital Display (Black)",999," Get it by Monday, June 28FREE Delivery by Amazon",4.2 out of 5 stars,https://m.media-amazon.com/images/I/5129tlcwEKS._AC_UY218_.jpg
"Mi Super Bass On-Ear Wireless Headphones with Mic, (Black & Red)","1,798",FREE Delivery by Amazon,3.3 out of 5 stars,https://m.media-amazon.com/images/I/71s9FMKzr+L._AC_UY218_.jpg
"Boult Audio ProBass Thunder Over-Ear Wireless Bluetooth Headphones with Mic, Headset with Passive Noise Cancellation & Long Battery Life","1,199"," Get it by Friday, June 25FREE Delivery by Amazon",3.5 out of 5 stars,https://m.media-amazon.com/images/I/81bgqR0BQhL._AC_UY218_.jpg
"Boult Audio ProBass Flex Over-Ear Wireless Bluetooth Headphones with Mic & Extra Bass, Headset with Wired Connectivity Option & Long Battery Life","1,199",FREE Delivery by Amazon,3.6 out of 5 stars,https://m.media-amazon.com/images/I/71AD5iVm62L._AC_UY218_.jpg
OTOS Headphone for Mi Compatible Basic Headphones with Mic for Mi Redmi Note 9 9pro 8 8pro 7 7s 7pro Note 6 6pro 5 5pro Mi 4A 6 8 9 cc9 Poco F1 F2 Mi A1 A2 A3 K10 K20 K30 Y1 Y2 Y3 Extra Sound Bass Noise Cancellation-Assorted,349,"Get it Sunday, June 27 - Monday, June 28",4.0 out of 5 stars,https://m.media-amazon.com/images/I/61zzoRHXevL._AC_UY218_.jpg
Rewy P47 Wireless Sports Bluetooth Headphone with Mic/SD/AUX Support Playing Time Upto 10hrs for All Mobiles & Other Devices (Multicolor),489," Get it by Friday, June 25FREE Delivery over ₹499. Fulfilled by Amazon",3.8 out of 5 stars,https://m.media-amazon.com/images/I/610oy6FbzvL._AC_UY218_.jpg
"Tribit Wireless Bluetooth Headphones Over Ear,Bluetooth 5.0 On Ear Headphone with CVC 8.0 Noise Cancelling Mic,HiFi Sound,Deep Bass,USB Lightening Fast Charge,24H Playtime,Tribit XFree Go Headsets","2,599"," Get it by Thursday, June 24FREE Delivery by Amazon",3.8 out of 5 stars,https://m.media-amazon.com/images/I/71DbAq4nG1L._AC_UY218_.jpg
Ant Esports H520W World of Warships Edition Wired Gaming Headset for PC / PS4 / Xbox One/Nintendo Switch/Computer and Mobile - White,699," Get it by Friday, June 25FREE Delivery by Amazon",5.0 out of 5 stars,https://m.media-amazon.com/images/I/51g8jKlBg9L._AC_UY218_.jpg
Samsung EHS64 EHS64AVFBECINU Hands-Free with Remote Note (Black),449," Get it by Friday, June 25FREE Delivery over ₹499. Fulfilled by Amazon",3.1 out of 5 stars,https://m.media-amazon.com/images/I/31+GLbqRPtL._AC_UY218_.jpg
Lopina SH-12 Wireless Universal Bluetooth Headphone Headset with FM and SD Card Slot for Music and Calling Control (Black),489,"Get it Friday, June 25 - Tuesday, June 29",4.3 out of 5 stars,https://m.media-amazon.com/images/I/61xaolOBMcL._AC_UY218_.jpg
Zinq Technologies Erupt 4155 Super Bass Bluetooth On-Ear Headphones with Mic (Black),799," Get it by Tomorrow, June 22FREE Delivery by Amazon",3.7 out of 5 stars,https://m.media-amazon.com/images/I/51vybPvEoxL._AC_UY218_.jpg
BigPassport USB Headphone Headset with Mic & Inbuilt Sound Controls for Computer & Laptop | Noise Cancellation with Auto Voice Enhancement | Skype Call & Zoom Call Headphone (Model: Pro-Tech 440),980," Get it by Thursday, June 24FREE Delivery by Amazon",4.2 out of 5 stars,https://m.media-amazon.com/images/I/6162SJQMMQL._AC_UY218_.jpg
"Sony WH-CH710N Noise Cancelling Wireless Headphones : Bluetooth Over The Ear Headset with Mic for Phone-Call, 35 Hours Battery Life, Quick Charge and Google Assitant - Black","7,990"," Get it by Tomorrow, June 22FREE Delivery by Amazon",3.7 out of 5 stars,https://m.media-amazon.com/images/I/61N6Ai7RkJL._AC_UY218_.jpg
Noise Air Buds Truly Headphone - ICY White,"2,298"," Get it by Thursday, June 24FREE Delivery by Amazon",4.0 out of 5 stars,https://m.media-amazon.com/images/I/51jR6miqHTS._AC_UY218_.jpg
"Boult Audio ProBass FluidX Over-Ear Unbreakable Wireless Bluetooth Headphones with Microphone, Headset with Passive Noise Cancellation & Long Battery Life","1,099",FREE Delivery by Amazon,3.5 out of 5 stars.,https://m.media-amazon.com/images/I/81BrGPH+g1L._AC_UY218_.jpg
"MYXR+ Active Noise Cancelling(ANC) Wireless Headphones MX36 (Platinum) : 50 Hours Battery, Qualcomm 5.0 Bluetooth Chip, Type-C Fast Charging","6,499"," Get it by Saturday, June 26FREE Delivery by Amazon",3.2 out of 5 stars.,https://m.media-amazon.com/images/I/71012pZfQlL._AC_UY218_.jpg
"Zebronics Zeb-200HM Headphone with Mic, Dual 3.5mm Connectors, Adjustable Headband & Mic, for PC Computers/Laptop",565,"Get it Friday, June 25 - Saturday, June 26₹72 shipping",3.2 out of 5 stars.,https://m.media-amazon.com/images/I/7179kqSfnAL._AC_UY218_.jpg
Wireless Bluetooth Neckband (Buy 1 GET 1 Free) (Under 700) Earphone Headset Portable with All Smart Phones Headphone Sports Running Sweatproof with USB Cable (Free) Combo HBS 730 (Black) (2),590," Get it by Sunday, June 27FREE Delivery",3.8 out of 5 stars,https://m.media-amazon.com/images/I/51vC7BjjymS._AC_UY218_.jpg
"ROCK LYFE P47 Wireless Bluetooth Headphones 5.0+EDR with Volume Control, HD Sound and Bass, Mic, SD Card Slot and (Black) & Magnet Bluetooth Headsets (Black) Combo",599," Get it by Saturday, July 3FREE Delivery",3.6 out of 5 stars,https://m.media-amazon.com/images/I/31rVXhfa8xL._AC_UY218_.jpg
Ktech Super Extra Bass Wired Headphone with Mic On-Ear-Headphone and Compatible with All Mobiles & Desktop - Blue,299,"Get it Saturday, June 26 - Sunday, June 27FREE Delivery",3.2 out of 5 stars,https://m.media-amazon.com/images/I/61qrVPe-xvS._AC_UY218_.jpg
Infinity by Harman Zip 100 in-Ear Immersive Bass Tangle Free Flat Cable Headphones with Mic (Charcoal Black),469," Get it by Tomorrow, June 22FREE Delivery by Amazon",5.0 out of 5 stars,https://m.media-amazon.com/images/I/61uxOS8mhfL._AC_UY218_.jpg
"Elista Multimedia Headphone Crown EW100CM with Mic, Adjustable Headband for PC/Laptop (Double Pin Connector-for PC/Laptop with Separate Mic and Headphone Connection Port)",499,"Get it Friday, June 25 - Saturday, June 26FREE Delivery",3.5 out of 5 stars,https://m.media-amazon.com/images/I/51JGbPaDdMS._AC_UY218_.jpg
Onumtz Combo Single Ear S530 Earphone with Magnetic Wireless Bluetooth Neckband Built-in Mic Noise Cancellation Headphone for All Android Smartphone & iOS Devices,349," Get it by Friday, June 25FREE Delivery",3.9 out of 5 stars,https://m.media-amazon.com/images/I/31PwdjW1lrS._AC_UY218_.jpg
Heypex SH-12 On- Ear Bluetooth Headphone Impressive Bass Sound with SD/FM/AUX Support for All Smartphones (Multi-Colour),519," Get it by Friday, June 25FREE Delivery by Amazon",1.0 out of 5 stars,https://m.media-amazon.com/images/I/416IIvF2jVL._AC_UY218_.jpg
"Boult Audio ProBass Thunder Over-Ear Wireless Bluetooth Headphones with Mic, Headset with Passive Noise Cancellation & Long Battery Life","1,199"," Get it by Friday, June 25FREE Delivery by Amazon",5.0 out of 5 stars,https://m.media-amazon.com/images/I/81bgqR0BQhL._AC_UY218_.jpg
Zebronics Zeb-Bang Bluetooth Headphone with Voice Assistant (Orange),849," Get it by Tomorrow, June 22FREE Delivery by Amazon",3.6 out of 5 stars,https://m.media-amazon.com/images/I/71YDoi-vKYL._AC_UY218_.jpg
boAt Rockerz 255 Pro+ Bluetooth in-Ear Headphone with Mic(Active Black),"1,499",FREE Delivery by Amazon,3.8 out of 5 stars,https://m.media-amazon.com/images/I/615pU4AXg4L._AC_UY218_.jpg
"LOWFE QC-10 Wireless Neckband Headset with 6-7 Hour Battery Life, IPX5 Sweatproof Headphones. with Black Sensitive Touch Screen Pubg Triggers with L1 RI Shooting Aim Button Controller",379," Get it by Sunday, June 27FREE Delivery",3.7 out of 5 stars,https://m.media-amazon.com/images/I/41ACUcwSGlL._AC_UY218_.jpg
"pTron Tangent Lite Bluetooth 5.0 Wireless Headphones with Hi-Fi Stereo Sound, 6Hrs Playtime, Lightweight Ergonomic Neckband, Sweat-Resistant Magnetic Earbuds, Voice Assistant & Mic - (Black & Yellow)",599," Get it by Tomorrow, June 22FREE Delivery by Amazon",4.0 out of 5 stars,https://m.media-amazon.com/images/I/51qLX2n4bNS._AC_UY218_.jpg
Jecool SH12 Wireless Bluetooth Headphone for Mobile with Mic with FM and SD Card Slot with Music and Calling Controls (Black),499," Get it by Saturday, June 26FREE Delivery",1.0 out of 5 stars,https://m.media-amazon.com/images/I/51BVbbEHe4L._AC_UY218_.jpg
"pTron Pride Lite HBE (High Bass Earphones) in-Ear Wired Headphones with in-line Mic, 10mm Powerful Driver for Stereo Audio, Noise Cancelling Headset with 1.2m Tangle-Free Cable & 3.5mm Aux - (Black)",249," Get it by Tomorrow, June 22FREE Delivery over ₹499. Fulfilled by Amazon",3.5 out of 5 stars,https://m.media-amazon.com/images/I/51opLBd1kgL._AC_UY218_.jpg
boAt Rockerz 400 Bluetooth On-Ear Headphone with Mic(Carbon Black),"1,299"," Get it by Thursday, June 24FREE Delivery by Amazon",2.2 out of 5 stars,https://m.media-amazon.com/images/I/61stQYWQO4L._AC_UY218_.jpg
"Havit H2032d Over Ear Wired Gaming Headset with Boom Microphone & LED for PC, Laptop, PS4, Xbox, Switch, Black",859," Get it by Friday, June 25FREE Delivery by Amazon",3.8 out of 5 stars,https://m.media-amazon.com/images/I/510b6UbWY+L._AC_UY218_.jpg
HP B4B09PA Headphones with Mic (Black),679," Get it by Thursday, June 24FREE Delivery by Amazon",4.1 out of 5 stars,https://m.media-amazon.com/images/I/41nWgP6hr2L._AC_UY218_.jpg
"Boult Audio ProBass Flex Over-Ear Wireless Bluetooth Headphones with Mic & Extra Bass, Headset with Wired Connectivity Option & Long Battery Life","1,199",FREE Delivery by Amazon,3.7 out of 5 stars,https://m.media-amazon.com/images/I/71AD5iVm62L._AC_UY218_.jpg
"Sony WH-CH710N Noise Cancelling Wireless Headphones : Bluetooth Over The Ear Headset with Mic for Phone-Call, 35 Hours Battery Life, Quick Charge and Google Assitant - Black","7,990"," Get it by Tomorrow, June 22FREE Delivery by Amazon",3.6 out of 5 stars,https://m.media-amazon.com/images/I/61N6Ai7RkJL._AC_UY218_.jpg
"Boult Audio ProBass FluidX Over-Ear Unbreakable Wireless Bluetooth Headphones with Microphone, Headset with Passive Noise Cancellation & Long Battery Life","1,099",FREE Delivery by Amazon,3.5 out of 5 stars.,https://m.media-amazon.com/images/I/81BrGPH+g1L._AC_UY218_.jpg
"MYXR+ Active Noise Cancelling(ANC) Wireless Headphones MX36 (Platinum) : 50 Hours Battery, Qualcomm 5.0 Bluetooth Chip, Type-C Fast Charging","6,499"," Get it by Saturday, June 26FREE Delivery by Amazon",3.2 out of 5 stars.,https://m.media-amazon.com/images/I/71012pZfQlL._AC_UY218_.jpg
"Gizmore Giz MH421 Srround Sound Music, Volume Control Noise Isolation Corded Headphones with Mic",599,"Get it Sunday, June 27 - Monday, June 28₹69 shipping",3.2 out of 5 stars.,https://m.media-amazon.com/images/I/41Tmc1Gqk-L._AC_UY218_.jpg
"KTCOO Metal Type C Earphone with Mic for Calling, C Type Jack Headphone HD bass and HiFi Stereo Type C Earphones Compatible for All OnePlus Series One Plus 6/6T/7/7T/8/8 Pro/8T/9/9R/ Nord (Rosegold)",549," Get it by Friday, June 25FREE Delivery by Amazon",3.8 out of 5 stars,https://m.media-amazon.com/images/I/51lHCp48H9S._AC_UY218_.jpg
Xiaomi Redmi Hi-Resolution Audio Wired in The Ear Headphone with Mic (Red),399," Get it by Tomorrow, June 22FREE Delivery over ₹499. Fulfilled by Amazon",3.6 out of 5 stars,https://m.media-amazon.com/images/I/71f5L2RuBwL._AC_UY218_.jpg
Zebronics Zeb-Bang Bluetooth Headphone with Voice Assistant (Orange),849," Get it by Tomorrow, June 22FREE Delivery by Amazon",3.1 out of 5 stars,https://m.media-amazon.com/images/I/71YDoi-vKYL._AC_UY218_.jpg
"DeoDap Stereo Headphones with Hands-Free Control (1pc, Multicolor)",69," Get it by Friday, June 25FREE Delivery",5.0 out of 5 stars,https://m.media-amazon.com/images/I/41ZgNaFC5bL._AC_UY218_.jpg
"Techfire Tune 200 Bluetooth 5.0 Wireless Headphones with Hi-Fi Stereo Sound, 10Hrs Playtime, Lightweight Ergonomic Neckband, Sweat-Resistant Magnetic Earbuds, Voice Assistant & Mic (Black)",499," Get it by Wednesday, June 30FREE Delivery by Amazon",4.1 out of 5 stars,https://m.media-amazon.com/images/I/61ST59074zS._AC_UY218_.jpg
"(Renewed) Cosmic Byte Stardust Headset with Flexible Mic for PS4, Xbox One, Laptop, PC, iPhone and Android Phones (Black/Blue)",679," Get it by Friday, June 25FREE Delivery by Amazon",3.7 out of 5 stars,https://m.media-amazon.com/images/I/619frvsnJrL._AC_UY218_.jpg
boAt Bassheads 100 in Ear Wired Earphones with Mic(White),399," Get it by Tomorrow, June 22FREE Delivery over ₹499. Fulfilled by Amazon",3.2 out of 5 stars,https://m.media-amazon.com/images/I/71e1SSUhZeL._AC_UY218_.jpg
"Boult Audio ProBass Thunder Over-Ear Wireless Bluetooth Headphones with Mic, Headset with Passive Noise Cancellation & Long Battery Life","1,199"," Get it by Friday, June 25FREE Delivery by Amazon",3.9 out of 5 stars,https://m.media-amazon.com/images/I/81bgqR0BQhL._AC_UY218_.jpg
Zebronics Zeb-Bang Bluetooth Headphone with Voice Assistant (Orange),849," Get it by Tomorrow, June 22FREE Delivery by Amazon",3.6 out of 5 stars,https://m.media-amazon.com/images/I/71YDoi-vKYL._AC_UY218_.jpg
"Zebronics Zeb-Calyx, Wired Earphone Comes with 10mm Drivers, 3.5mm connectivity, in-line Microphone & 1.2 Meter Strong & Long Lasting Cable(Black)",225," Get it by Friday, June 25FREE Delivery over ₹499. Fulfilled by Amazon",4.1 out of 5 stars,https://m.media-amazon.com/images/I/71AUNLjgcEL._AC_UY218_.jpg
TEQNEQ Combo Single Ear S530 Earphone with Magnetic Wireless Bluetooth Neckband Built-in Mic Noise Cancellation Headphone for All Android Smartphone & iOS Devices,349," Get it by Friday, June 25FREE Delivery",3.8 out of 5 stars,https://m.media-amazon.com/images/I/31Svu0MjV0S._AC_UY218_.jpg
"Sony WI-C200 Wireless In-Ear Headphones with 15 Hours Battery Life, Quick Charge, Magnetic Earbuds for Tangle Free Carrying,Metallic Finish, Bluetooth ver 5.0, Headset with mic for phone calls (Black)","1,699"," Get it by Tomorrow, June 22FREE Delivery by Amazon",3.7 out of 5 stars,https://m.media-amazon.com/images/I/61ECm9HL6FL._AC_UY218_.jpg
Aerizo FH54 Wired Solo HD Headphone with 3.5mm Jack | Deep Bass | Mic & Noise Cancellation Compatible with All Smartphones/Laptops/Tablet,229,"Get it Saturday, June 26 - Sunday, June 27₹80 shipping",3.3 out of 5 stars,https://m.media-amazon.com/images/I/41SFUMQ6F5L._AC_UY218_.jpg
(Renewed) Zebronics Zeb-Rush Premium Gaming Headphone with RGB Lights and 40mm Neodymium Drivers(Red),"1,299"," Get it by Friday, June 25FREE Delivery by Amazon",3.9 out of 5 stars,https://m.media-amazon.com/images/I/515znLnBQFS._AC_UY218_.jpg
"EDYELL® C5M True Wireless Earbuds/Earphones/in-Ear TWS Stereo Headphones with Advanced Bluetooth V5.0 IPX7 Waterproof Extra-Long Playtime, Built-in Mic with Deep Bass for Sports and Workout",799," Get it by Tomorrow, June 22FREE Delivery by Amazon",2.7 out of 5 stars,https://m.media-amazon.com/images/I/61TrSPhuYTS._AC_UY218_.jpg
JBL C200SI by Harman Super Deep Bass in-Ear Premium Headphones with Mic (Mystic Blue),"1,699"," Get it by Tomorrow, June 22FREE Delivery by Amazon",4.1 out of 5 stars,https://m.media-amazon.com/images/I/61JPsoOQ7zL._AC_UY218_.jpg
"Infinity Glide 510 by Harman (JBL, HK, Infinity), 72 Hrs Playtime with Quick Charge, Wireless On Ear Headphone with Mic, Deep Bass, Dual Equalizer, Bluetooth 5.0 with Voice Assistant Support (Black)","1,199",FREE Delivery by Amazon,4.2 out of 5 stars,https://m.media-amazon.com/images/I/716Il5U5F4L._AC_UY218_.jpg
"Boult Audio ProBass Flex Over-Ear Wireless Bluetooth Headphones with Mic & Extra Bass, Headset with Wired Connectivity Option & Long Battery Life","7,990"," Get it by Tomorrow, June 22FREE Delivery by Amazon",3.8 out of 5 stars,https://m.media-amazon.com/images/I/71AD5iVm62L._AC_UY218_.jpg
"Sony WH-CH710N Noise Cancelling Wireless Headphones : Bluetooth Over The Ear Headset with Mic for Phone-Call, 35 Hours Battery Life, Quick Charge and Google Assitant - Black",no_price,none,none,Img_link_not_found
"MYXR+ Active Noise Cancelling(ANC) Wireless Headphones MX36 (Platinum) : 50 Hours Battery, Qualcomm 5.0 Bluetooth Chip, Type-C Fast Charging","6,499"," Get it by Saturday, June 26FREE Delivery by Amazon",3.5 out of 5 stars.,https://m.media-amazon.com/images/I/71012pZfQlL._AC_UY218_.jpg
"Sony WH-CH710N Noise Cancelling Wireless Headphones : Bluetooth Over The Ear Headset with Mic for Phone-Call, 35 Hours Battery Life, Quick Charge and Google Assitant - Black","7,990"," Get it by Tomorrow, June 22FREE Delivery by Amazon",3.2 out of 5 stars.,https://m.media-amazon.com/images/I/61N6Ai7RkJL._AC_UY218_.jpg
Infinity by Harman Zip 100 in-Ear Immersive Bass Tangle Free Flat Cable Headphones with Mic (Charcoal Black),469," Get it by Tomorrow, June 22FREE Delivery by Amazon",3.2 out of 5 stars.,https://m.media-amazon.com/images/I/61uxOS8mhfL._AC_UY218_.jpg
(Renewed) Zebronics Zeb-Rush Premium Gaming Headphone with RGB Lights and 40mm Neodymium Drivers(Red),489,"Get it Saturday, June 26 - Sunday, June 27",3.6 out of 5 stars,https://m.media-amazon.com/images/I/515znLnBQFS._AC_UY218_.jpg
"Buddymate P47 Wired & Wireless Bluetooth Headphone 5.0+EDR with HD Sound and Bass, Mic, SD Card Slot & Aux Support Standing Time Upto 14hrs Compatible for All Devices (Random Colour)",999," Get it by Tomorrow, June 22FREE Delivery by Amazon",3.8 out of 5 stars,https://m.media-amazon.com/images/I/61Lp+buUeGL._AC_UY218_.jpg
"boAt Rockerz 370 Wireless Headphone with Bluetooth 5.0, Immersive Audio, Lightweight Ergonomic Design, Cosy Padded Earcups and Up to 12H Playback Bliss(Gregarious Green)",334," Get it by Saturday, July 3",3.9 out of 5 stars,https://m.media-amazon.com/images/I/61I3R2ioAlL._AC_UY218_.jpg
boAt Rockerz 510 Bluetooth On-Ear Headphone with Mic(Furious Blue),899,"Get it Monday, June 28 - Tuesday, June 29",3.2 out of 5 stars,https://m.media-amazon.com/images/I/61OU6uUy1SL._AC_UY218_.jpg
"RSFuture MDR-XB450 Wired Extra Bass On-Ear Headphones with Tangle Free Cable, 3.5mm Jack, Headset with Mic for Phone Calls (Black)",325,"Get it by Friday, June 25",4.0 out of 5 stars,https://m.media-amazon.com/images/I/31rdhTblCXL._AC_UY218_.jpg
"LAPCARE Stereo Headset LWS-004 Headphone with Flexible Mic for PC, Mobiles, Play Station, Xbox, Tablets","1,099",FREE Delivery by Amazon,4.3 out of 5 stars,https://m.media-amazon.com/images/I/51JTCsGxZ1L._AC_UY218_.jpg
esportic B11 Neckband Bluetooth Headphones Wireless Sport Stereo Headsets Hands-Free Earphones with Inbuilt Mic for All Smartphones & Tablets,"1,199"," Get it by Friday, June 25FREE Delivery by Amazon",3.0 out of 5 stars,https://m.media-amazon.com/images/I/31fSVMXJqBL._AC_UY218_.jpg
"Boult Audio ProBass FluidX Over-Ear Unbreakable Wireless Bluetooth Headphones with Microphone, Headset with Passive Noise Cancellation & Long Battery Life",599," Get it by Wednesday, June 23FREE Delivery by Amazon",3.8 out of 5 stars,https://m.media-amazon.com/images/I/81BrGPH+g1L._AC_UY218_.jpg
"Boult Audio ProBass Thunder Over-Ear Wireless Bluetooth Headphones with Mic, Headset with Passive Noise Cancellation & Long Battery Life",999," Get it by Tomorrow, June 22FREE Delivery by Amazon",3.8 out of 5 stars,https://m.media-amazon.com/images/I/81bgqR0BQhL._AC_UY218_.jpg
"INFInxt Unicorn Wired Headphones with Adjustable Headband, 3.5 mm Jack and Tangle-Free Cord, Over On Ear Headset for Girls/Birthday Gifts/Unicorn Gift (Random Color)",849," Get it by Tomorrow, June 22FREE Delivery by Amazon",3.8 out of 5 stars,https://m.media-amazon.com/images/I/41vRf9m5pVL._AC_UY218_.jpg
"pTron Bassbuds Vista in-Ear True Wireless Bluetooth 5.1 Headphones with Deep Bass, IPX4 Water/Sweat Resistant, Passive Noise Cancelation, Voice Assistance & Earbuds with Built-in HD Mic (Blue)","1,965"," Get it by Tomorrow, June 22FREE Delivery by Amazon",3.9 out of 5 stars,https://m.media-amazon.com/images/I/41NtIoYQv-S._AC_UY218_.jpg
"Zebronics Zeb-Bang Foldable Wireless BT Headphone Comes with 40mm Drivers, AUX Connectivity, Call Function, 16Hrs* Playback time & Supports Voice Assistant (Blue)",299,"Get it Saturday, June 26 - Sunday, June 27",3.7 out of 5 stars,https://m.media-amazon.com/images/I/71JmAlJ8ggL._AC_UY218_.jpg
"Redgear Cosmo 7.1 USB Wired Gaming Headphones with RGB LED Effect, Mic and in-line Controller for PC (Black)",375," Get it by Thursday, June 24FREE Delivery over ₹499. Fulfilled by Amazon",3.7 out of 5 stars,https://m.media-amazon.com/images/I/71nFWwpCLzL._AC_UY218_.jpg
Aerizo F32 On-Ear Wired Solo HD Headphone with High Volume | Deep Bass | Calling Function & 3.5mm Jack Compatible with All Smartphones & Other Devices (Multi Colours),279,"Get it Friday, June 25 - Saturday, June 26",4.3 out of 5 stars,https://m.media-amazon.com/images/I/41ZftyJmw-L._AC_UY218_.jpg
iBall Kids Star Kids Safe Wired Headphone with in line Volume Controller -Dark Blue and Red,795," Get it by Tomorrow, June 22FREE Delivery by Amazon",3.7 out of 5 stars,https://m.media-amazon.com/images/I/71YVkubZRUL._AC_UY218_.jpg
BEATSYNIZER Light Weight Magnetic Wireless Bluetooth Headset Hands-Free Bluetooth Earphone Headphone for Calling with Built-in Mic for All Smartphone{Multicolour},"1,199",FREE Delivery by Amazon,2.8 out of 5 stars,https://m.media-amazon.com/images/I/31SNIUd88dS._AC_UY218_.jpg
"Zebronics Zeb-Lark ​Wireless ​in Ear​ ​Neckband Earphone​ ​with BT 5.0, Rapid Fast Charging, Up to 17H Battery Life, Dual Pairing, Call Function, Splash Proof, Magnetic Earpiece (Grey)","2,298"," Get it by Thursday, June 24FREE Delivery by Amazon",3.3 out of 5 stars,https://m.media-amazon.com/images/I/51t+eZAY3sL._AC_UY218_.jpg
"Boult Audio ProBass Flex Over-Ear Wireless Bluetooth Headphones with Mic & Extra Bass, Headset with Wired Connectivity Option & Long Battery Life",no_price,none,none,Img_link_not_found
Noise Air Buds Truly Headphone - ICY White,no_price,none,none,Img_link_not_found
Zebronics Zeb-Bang Bluetooth Headphone with Voice Assistant (Orange),849," Get it by Tomorrow, June 22FREE Delivery by Amazon",3.5 out of 5 stars.,https://m.media-amazon.com/images/I/71YDoi-vKYL._AC_UY218_.jpg
"MYXR+ Active Noise Cancelling(ANC) Wireless Headphones MX36 (Platinum) : 50 Hours Battery, Qualcomm 5.0 Bluetooth Chip, Type-C Fast Charging","6,499"," Get it by Saturday, June 26FREE Delivery by Amazon",3.2 out of 5 stars.,https://m.media-amazon.com/images/I/71012pZfQlL._AC_UY218_.jpg
"esportic HB-730 Neckband Bluetooth Headphones Wireless Sport Stereo Headsets Hands Free with Microphone for Android, Apple Devices",325,"Get it by Friday, June 25₹65 shipping",3.2 out of 5 stars.,https://m.media-amazon.com/images/I/41gccRyS22L._AC_UY218_.jpg
Onumtz Combo Single Ear S530 Earphone with Magnetic Wireless Bluetooth Neckband Built-in Mic Noise Cancellation Headphone for All Android Smartphone & iOS Devices,349," Get it by Friday, June 25FREE Delivery",3.7 out of 5 stars,https://m.media-amazon.com/images/I/31PwdjW1lrS._AC_UY218_.jpg
Jecool SH12 Wireless Bluetooth Headphone for Mobile with Mic with FM and SD Card Slot with Music and Calling Controls (Black),499," Get it by Saturday, June 26FREE Delivery",3.6 out of 5 stars,https://m.media-amazon.com/images/I/51BVbbEHe4L._AC_UY218_.jpg
"Techfire Tune 200 Bluetooth 5.0 Wireless Headphones with Hi-Fi Stereo Sound, 10Hrs Playtime, Lightweight Ergonomic Neckband, Sweat-Resistant Magnetic Earbuds, Voice Assistant & Mic - (Black/Red)",499," Get it by Wednesday, June 30FREE Delivery by Amazon",5.0 out of 5 stars,https://m.media-amazon.com/images/I/618DhbUWExS._AC_UY218_.jpg
GENERIC Wireless/Bluetooth Headphone SH-12 Crystal Clear Sound Deep Bass Support FM and SD Card Slot with Music and Calling Controls Adjustable Pads for Small and Big Head,459,"Get it Friday, June 25 - Saturday, June 26₹40 shipping",2.2 out of 5 stars,https://m.media-amazon.com/images/I/613UR4eQwiL._AC_UY218_.jpg
JBL C200SI by Harman Super Deep Bass in-Ear Premium Headphones with Mic (Gun Metal),799," Get it by Tomorrow, June 22FREE Delivery by Amazon",3.9 out of 5 stars,https://m.media-amazon.com/images/I/61BEBOFwNFL._AC_UY218_.jpg
"JBL Quantum 50 by Harman Wired in-Ear Gaming Headphone with Twistlock Technology, Inline Voice Focus Microphone and Master Volume Slider (Black)","1,499"," Get it by Tomorrow, June 22FREE Delivery by Amazon",3.5 out of 5 stars,https://m.media-amazon.com/images/I/61aCD-jQVXL._AC_UY218_.jpg
Jecool SH12 Wireless Bluetooth Headphone for Mobile with Mic with FM and SD Card Slot with Music and Calling Controls (Blue),499," Get it by Saturday, June 26FREE Delivery",4.1 out of 5 stars,https://m.media-amazon.com/images/I/41KLxoxdGiL._AC_UY218_.jpg
"Boult Audio ProBass FluidX Over-Ear Unbreakable Wireless Bluetooth Headphones with Microphone, Headset with Passive Noise Cancellation & Long Battery Life","1,099",FREE Delivery by Amazon,3.6 out of 5 stars,https://m.media-amazon.com/images/I/81BrGPH+g1L._AC_UY218_.jpg
"Boult Audio ProBass Thunder Over-Ear Wireless Bluetooth Headphones with Mic, Headset with Passive Noise Cancellation & Long Battery Life","1,199"," Get it by Friday, June 25FREE Delivery by Amazon",2.2 out of 5 stars,https://m.media-amazon.com/images/I/81bgqR0BQhL._AC_UY218_.jpg
"pTron Tangent Plus V2 with 18Hrs Playback & Type-C Fast Charging, Bluetooth 5.0 Wireless Headphones with Deep Bass, IPX4 Water Resistance, Snug-fit, Voice Assistance & Built-in Mic (Black & Grey)",899," Get it by Tomorrow, June 22FREE Delivery by Amazon",3.8 out of 5 stars,https://m.media-amazon.com/images/I/51mcUSWSi+S._AC_UY218_.jpg
"ROCK LYFE Combo Wireless Magnet Bluetooth Earphone Headphone with Mic, Stereo Sound with Music Sports Wireless Bluetooth Headset Compatible with All Android and Phone Devices",363," Get it by Saturday, July 3FREE Delivery",3.8 out of 5 stars,https://m.media-amazon.com/images/I/31Dn03vtFvL._AC_UY218_.jpg
Aerizo F47 Wireless On-Ear Bluetooth Headphone with in-Built Mic | Deep Bass | SD Card & AUX Supported Compatible with All Smartphones/Laptop & Other Devices (Random Colours),479,"Get it Saturday, June 26 - Sunday, June 27₹80 shipping",4.1 out of 5 stars,https://m.media-amazon.com/images/I/81-YhDo2C0L._AC_UY218_.jpg
"Aroma Yellow Series NB 122 A - 20 Hours Playtime with Powerful Bass, Fast Charging & in Built Mic in Ear Bluetooth Neckband Headphones",449,"Get it Friday, June 25 - Saturday, June 26FREE Delivery",3.2 out of 5 stars,https://m.media-amazon.com/images/I/51w1mhucktL._AC_UY218_.jpg
"pTron Tangentbeat Bluetooth 5.0 Wireless Headphones with Deep Bass, Ergonomic Design, IPX4 Sweat/Waterproof Neckband, Magnetic Earbuds, Voice Assistant, Passive Noise Cancelation & Mic - (Black)",799," Get it by Tomorrow, June 22FREE Delivery by Amazon",3.5 out of 5 stars,https://m.media-amazon.com/images/I/51K8TkvtjgL._AC_UY218_.jpg
Logitech Stereo Headset H111 (981-000612),880, FREE Delivery by Amazon,1.0 out of 5 stars,https://m.media-amazon.com/images/I/71xubl4VVZL._AC_UY218_.jpg
Ant Audio Treble 500 On -Ear HD Bluetooth Headphones with Mic (Black and Gray),559,FREE Delivery by Amazon,4.1 out of 5 stars,https://m.media-amazon.com/images/I/61uZq13EQpL._AC_UY218_.jpg
iBall Decibel Bluetooth 5.0 Headphone with SD/FM/Alexa Built-in (Black Edition),"1,595"," Get it by Saturday, June 26FREE Delivery by Amazon",3.9 out of 5 stars,https://m.media-amazon.com/images/I/51Qf06OXpPL._AC_UY218_.jpg
"Sony WH-CH710N Noise Cancelling Wireless Headphones : Bluetooth Over The Ear Headset with Mic for Phone-Call, 35 Hours Battery Life, Quick Charge and Google Assitant - Black","7,990"," Get it by Tomorrow, June 22FREE Delivery by Amazon",3.7 out of 5 stars,https://m.media-amazon.com/images/I/61N6Ai7RkJL._AC_UY218_.jpg
"Boult Audio ProBass Flex Over-Ear Wireless Bluetooth Headphones with Mic & Extra Bass, Headset with Wired Connectivity Option & Long Battery Life","1,199",FREE Delivery by Amazon,3.8 out of 5 stars,https://m.media-amazon.com/images/I/71AD5iVm62L._AC_UY218_.jpg
Zebronics Zeb-Bang Bluetooth Headphone with Voice Assistant (Orange),849," Get it by Tomorrow, June 22FREE Delivery by Amazon",3.5 out of 5 stars.,https://m.media-amazon.com/images/I/71YDoi-vKYL._AC_UY218_.jpg
"MYXR+ Active Noise Cancelling(ANC) Wireless Headphones MX36 (Platinum) : 50 Hours Battery, Qualcomm 5.0 Bluetooth Chip, Type-C Fast Charging","6,499"," Get it by Saturday, June 26FREE Delivery by Amazon",3.2 out of 5 stars.,https://m.media-amazon.com/images/I/71012pZfQlL._AC_UY218_.jpg
boAt Bassheads 225 in Ear Wired Earphones with Mic(Blue),549," Get it by Tomorrow, June 22FREE Delivery by Amazon",3.2 out of 5 stars.,https://m.media-amazon.com/images/I/61fFdoB6VzL._AC_UY218_.jpg
"JBL Quantum 100 by Harman, Wired Over Ear Gaming Headphones with Detachable Mic for PC, Mobile, Laptop, PS4, Xbox, Nintendo Switch, VR (Black)","2,599"," Get it by Tomorrow, June 22FREE Delivery by Amazon",3.7 out of 5 stars,https://m.media-amazon.com/images/I/71+ZD+DmiyL._AC_UY218_.jpg
"pTron Tangent Plus V2 with 18Hrs Playback & Type-C Fast Charging, Bluetooth 5.0 Wireless Headphones with Deep Bass, IPX4 Water Resistance, Snug-fit, Voice Assistance & Built-in Mic (Black & Grey)",899," Get it by Tomorrow, June 22FREE Delivery by Amazon",3.6 out of 5 stars,https://m.media-amazon.com/images/I/51mcUSWSi+S._AC_UY218_.jpg
Rewy SH12 Wired & Wireless Headphone with FM and SD Card Slot for Music/Mic for Calling Control for All Smartphones (Multi-Colour),519," Get it by Friday, June 25FREE Delivery by Amazon",4.0 out of 5 stars,https://m.media-amazon.com/images/I/61OZo0Qb02L._AC_UY218_.jpg
"pTron Tangentbeat Bluetooth 5.0 Wireless Headphones with Deep Bass, Ergonomic Design, IPX4 Sweat/Waterproof Neckband, Magnetic Earbuds, Voice Assistant, Passive Noise Cancelation & Mic - (Dark Green)",799," Get it by Tomorrow, June 22FREE Delivery by Amazon",4.0 out of 5 stars,https://m.media-amazon.com/images/I/51GJbc+43+L._AC_UY218_.jpg
Zebronics Zeb-Bang Bluetooth Headphone with Voice Assistant (Orange),849," Get it by Tomorrow, June 22FREE Delivery by Amazon",4.1 out of 5 stars,https://m.media-amazon.com/images/I/71YDoi-vKYL._AC_UY218_.jpg
"TEQNEQ Combo of Magnetic Wireless Bluetooth Headset Hands-Free Bluetooth Earphone Headphone Mic for Calling & Built-in for Lenovo,Samsung,Sony,Oppo,Vivo All Android & Apple Phones",349," Get it by Friday, June 25",4.1 out of 5 stars,https://m.media-amazon.com/images/I/31xOsKsTzbL._AC_UY218_.jpg
"Motorola Pace 110 in-Ear Headphones with Mic, Extra Bass & Alexa Built-in(Black)",495,"Get it Saturday, June 26 - Sunday, June 27",4.1 out of 5 stars,https://m.media-amazon.com/images/I/71cCxlpdpxL._AC_UY218_.jpg
"Boult Audio ProBass FluidX Over-Ear Unbreakable Wireless Bluetooth Headphones with Microphone, Headset with Passive Noise Cancellation & Long Battery Life","1,099",FREE Delivery by Amazon,3.7 out of 5 stars,https://m.media-amazon.com/images/I/81BrGPH+g1L._AC_UY218_.jpg
"Boult Audio ProBass Thunder Over-Ear Wireless Bluetooth Headphones with Mic, Headset with Passive Noise Cancellation & Long Battery Life","1,199"," Get it by Friday, June 25FREE Delivery by Amazon",2.8 out of 5 stars,https://m.media-amazon.com/images/I/81bgqR0BQhL._AC_UY218_.jpg
"Gizmore Giz MH421 Srround Sound Music, Volume Control Noise Isolation Corded Headphones with Mic",599,"Get it Sunday, June 27 - Monday, June 28",4.0 out of 5 stars,https://m.media-amazon.com/images/I/41Tmc1Gqk-L._AC_UY218_.jpg
Buddymate W380 Wired & Wireless On-Ear Bluetooth Headphone Immersive Audio with SD/AUX Support Feature Upto 8H Playback Time for All Mobiles & Other Devices (Random Colour),549," Get it by Friday, June 25FREE Delivery by Amazon",3.8 out of 5 stars,https://m.media-amazon.com/images/I/71002+f30VL._AC_UY218_.jpg
"Zebronics Zeb-Bang Foldable Wireless BT Headphone Comes with 40mm Drivers, AUX Connectivity, Call Function, 16Hrs* Playback time & Supports Voice Assistant (Blue)",849," Get it by Tomorrow, June 22FREE Delivery by Amazon",3.8 out of 5 stars,https://m.media-amazon.com/images/I/71JmAlJ8ggL._AC_UY218_.jpg
Cosmic Byte Spider Gaming Headphone with Microphone & LED for PC/PS4/Xbox/Mobiles/Tablets (Blue),"1,129"," Get it by Tomorrow, June 22FREE Delivery by Amazon",3.1 out of 5 stars,https://m.media-amazon.com/images/I/41qYeLPwQeL._AC_UY218_.jpg
Teconica SDC478 SH12 Sports Wireless Deep bass Bluetooth Headphone with FM/SD Card Slot with Music and Calling Control with All Smart Phone (Multi Colour),529," Get it by Friday, June 25FREE Delivery by Amazon",4.1 out of 5 stars,https://m.media-amazon.com/images/I/41dnDNG52gL._AC_UY218_.jpg
"G S GOLDSTEIN STAR QC11 Bluetooth Earphone Wireless Headphones Sports Stereo. with QC10 Jogger Headset Bluetooth Headphones for Jogger,Running,Gyming. Compatible with All Smartphones",349,"Get it by Sunday, June 27",3.7 out of 5 stars,https://m.media-amazon.com/images/I/41+qFMXzhVL._AC_UY218_.jpg
Earphones with Ultra Bass & Dolby Sound for All Samsung/Android/iOS Device 0.33 mm Jack - (White),148," Get it by Friday, June 25",4.0 out of 5 stars,https://m.media-amazon.com/images/I/31qTyz55CKL._AC_UY218_.jpg
Sony MDR-EX15AP In-Ear Stereo Headphones with Mic (Blue),846," Get it by Tomorrow, June 22FREE Delivery by Amazon",3.5 out of 5 stars,https://m.media-amazon.com/images/I/71-bHo+2rOL._AC_UY218_.jpg
"Sony WH-CH710N Noise Cancelling Wireless Headphones : Bluetooth Over The Ear Headset with Mic for Phone-Call, 35 Hours Battery Life, Quick Charge and Google Assitant - Black","7,990"," Get it by Tomorrow, June 22FREE Delivery by Amazon",3.2 out of 5 stars,https://m.media-amazon.com/images/I/61N6Ai7RkJL._AC_UY218_.jpg
"Boult Audio ProBass Flex Over-Ear Wireless Bluetooth Headphones with Mic & Extra Bass, Headset with Wired Connectivity Option & Long Battery Life","1,199",FREE Delivery by Amazon,3.8 out of 5 stars,https://m.media-amazon.com/images/I/71AD5iVm62L._AC_UY218_.jpg
"MYXR+ Active Noise Cancelling(ANC) Wireless Headphones MX36 (Platinum) : 50 Hours Battery, Qualcomm 5.0 Bluetooth Chip, Type-C Fast Charging","6,499"," Get it by Saturday, June 26FREE Delivery by Amazon",3.5 out of 5 stars.,https://m.media-amazon.com/images/I/71012pZfQlL._AC_UY218_.jpg
Shure SRH440 Professional Studio Headphones (Black),"7,099"," Get it by Friday, June 25FREE Delivery by Amazon",3.2 out of 5 stars.,https://m.media-amazon.com/images/I/61pWKM+z90L._AC_UY218_.jpg
Sony MDR-EX15AP In-Ear Stereo Headphones with Mic (Blue),846," Get it by Tomorrow, June 22FREE Delivery by Amazon",3.2 out of 5 stars.,https://m.media-amazon.com/images/I/71-bHo+2rOL._AC_UY218_.jpg
Tulua SH12 Wireless/Bluetooth Headphone with FM and SD Card Slot/with Music and Calling Controls Compatible with All Android and Smart Phone (Black),499," Get it by Saturday, June 26FREE Delivery",3.6 out of 5 stars,https://m.media-amazon.com/images/I/41ndNwkaO6L._AC_UY218_.jpg
"Techfire MDR-XB450 Wired Extra Bass On-Ear Headphones with Tangle Free Cable, 3.5mm Jack, Headset with Mic for Phone Calls (Black)",399,"Get it by Saturday, July 3FREE Delivery",4.5 out of 5 stars,https://m.media-amazon.com/images/I/31yooKGR7BL._AC_UY218_.jpg
Boult Audio BassBuds Storm in-Ear Wired Earphones with Mic and Full Metal Body for Extra Bass & HD Sound with Passive Noise Cancellation (Black),349,FREE Delivery over ₹499. Fulfilled by Amazon,3.8 out of 5 stars,https://m.media-amazon.com/images/I/7170KkO3wdL._AC_UY218_.jpg
WeCool Moonwalk Mini Earbuds with Magnetic Charging Case IPX5 Wireless Earphones with Digital Battery Indicator for Crisp Sound Bluetooth Earphones for Secure Sports Fit,799," Get it by Saturday, June 26FREE Delivery by Amazon",3.4 out of 5 stars,https://m.media-amazon.com/images/I/61kMZ0w6WOL._AC_UY218_.jpg
"Heypex P47 Stylish Wireless Bluetooth Headset Comes with 10 Hours Total Playtime, High Bass Immersive Sound,inbuilt Mic,FM,SD Card Slot Feature for All Devices (Multi-Colour)",459," Get it by Friday, June 25FREE Delivery over ₹499. Fulfilled by Amazon",2.8 out of 5 stars,https://m.media-amazon.com/images/I/61+SSP6urnL._AC_UY218_.jpg
boAt Rockerz 510 Bluetooth On-Ear Headphone with Mic(Furious Blue),"1,374",FREE Delivery by Amazon,3.9 out of 5 stars,https://m.media-amazon.com/images/I/61OU6uUy1SL._AC_UY218_.jpg
"Logitech H151 Headset with Noise-Cancelling Boom Microphone,3.5 mm Analog Stereo,PC/Mac/Laptop - Black","1,099",FREE Delivery by Amazon,3.8 out of 5 stars,https://m.media-amazon.com/images/I/61l5JPGz16L._AC_UY218_.jpg
"Boult Audio ProBass FluidX Over-Ear Unbreakable Wireless Bluetooth Headphones with Microphone, Headset with Passive Noise Cancellation & Long Battery Life",849," Get it by Tomorrow, June 22FREE Delivery by Amazon",3.3 out of 5 stars,https://m.media-amazon.com/images/I/81BrGPH+g1L._AC_UY218_.jpg
Zebronics Zeb-Bang Bluetooth Headphone with Voice Assistant (Orange),138,"Get it Friday, June 25 - Saturday, June 26₹81 shipping",4.3 out of 5 stars,https://m.media-amazon.com/images/I/71YDoi-vKYL._AC_UY218_.jpg
FastShip High Bass Wired in-Ear Headphones Compatible with All Vivo Smartphones (White),499," Get it by Wednesday, June 30FREE Delivery by Amazon",3.7 out of 5 stars,https://m.media-amazon.com/images/I/61nu-Wu7oYL._AC_UY218_.jpg
"Techfire Tune 200 Bluetooth 5.0 Wireless Headphones with Hi-Fi Stereo Sound, 10Hrs Playtime, Lightweight Ergonomic Neckband, Sweat-Resistant Magnetic Earbuds, Voice Assistant & Mic - (Black/Red)",219," Get it by Sunday, June 27FREE Delivery",3.8 out of 5 stars,https://m.media-amazon.com/images/I/618DhbUWExS._AC_UY218_.jpg
"ENVOUS E1 (Youth Choice) Wireless Bluetooth Headphones, Headset with Mic and Sound Button Earphone for Mi Note 5/6/7 Pro, 6A, Y2, A2, A1, Y3 All Smartphones.",399," Get it by Saturday, June 26FREE Delivery",3.7 out of 5 stars,https://m.media-amazon.com/images/I/311dj8c40eS._AC_UY218_.jpg
"Siwi In-Ear Headphones Earphones for Samsung Galaxy A21s / A 21 s Earphone Original Like Wired Stereo Deep Bass Head Hands-free Headset Earbud With Built in-line Mic, Call Answer/End Button, Music 3.5mm Aux Audio Jack (YS2, Black)",659," Get it by Thursday, June 24FREE Delivery by Amazon",3.9 out of 5 stars,https://m.media-amazon.com/images/I/51W2568WFpL._AC_UY218_.jpg
"RPM Euro Games Gaming Headphones Earphones with MIC for PS4, Xbox One, Nintendo Switch, PC, Android and iOS Mobile Phones - M2 Red",229,"Get it Saturday, June 26 - Sunday, June 27₹80 shipping",5.0 out of 5 stars,https://m.media-amazon.com/images/I/61J+OjFQ2yL._AC_UY218_.jpg
Aerizo FH54 Wired Solo HD Headphone with 3.5mm Jack | Deep Bass | Mic & Noise Cancellation Compatible with All Smartphones/Laptops/Tablet,359," Get it by Saturday, June 26FREE Delivery over ₹499. Fulfilled by Amazon",3.5 out of 5 stars,https://m.media-amazon.com/images/I/41SFUMQ6F5L._AC_UY218_.jpg
"(Renewed) Logitech H110 Stereo Headset, Black & Grey",349,"Get it Friday, June 25 - Saturday, June 26FREE Delivery",2.7 out of 5 stars,https://m.media-amazon.com/images/I/516cbIuOXOL._AC_UY218_.jpg
Raptech Extra Bass Wired Headset Extra Bass On-Ear Headphone with 3.5mm Jack & in-Built Mic for Phone Calls & Tangle Free Cable Compatible with All Mobile Phone-Built Mic for Phone Calls (Blue),"1,199"," Get it by Friday, June 25FREE Delivery by Amazon",3.6 out of 5 stars,https://m.media-amazon.com/images/I/61-eKxPqARL._AC_UY218_.jpg
"Boult Audio ProBass Thunder Over-Ear Wireless Bluetooth Headphones with Mic, Headset with Passive Noise Cancellation & Long Battery Life","7,990"," Get it by Tomorrow, June 22FREE Delivery by Amazon",3.0 out of 5 stars,https://m.media-amazon.com/images/I/81bgqR0BQhL._AC_UY218_.jpg
"Sony WH-CH710N Noise Cancelling Wireless Headphones : Bluetooth Over The Ear Headset with Mic for Phone-Call, 35 Hours Battery Life, Quick Charge and Google Assitant - Black",no_price,none,none,Img_link_not_found
"MYXR+ Active Noise Cancelling(ANC) Wireless Headphones MX36 (Platinum) : 50 Hours Battery, Qualcomm 5.0 Bluetooth Chip, Type-C Fast Charging","6,499"," Get it by Saturday, June 26FREE Delivery by Amazon",3.5 out of 5 stars.,https://m.media-amazon.com/images/I/71012pZfQlL._AC_UY218_.jpg
Shure SRH440 Professional Studio Headphones (Black),"7,099"," Get it by Friday, June 25FREE Delivery by Amazon",3.2 out of 5 stars.,https://m.media-amazon.com/images/I/61pWKM+z90L._AC_UY218_.jpg
JBL C100SI In-Ear Headphones with Mic (Red),679," Get it by Saturday, June 26FREE Delivery by Amazon",3.2 out of 5 stars.,https://m.media-amazon.com/images/I/619lzVoSNUL._AC_UY218_.jpg
HyperX Cloud Stinger Gaming Headset (Black),"4,690"," Get it by Thursday, June 24FREE Delivery by Amazon",3.6 out of 5 stars,https://m.media-amazon.com/images/I/61bVcEoMx3L._AC_UY218_.jpg
boAt Bassheads 242 in Ear Wired Earphones with Mic(Blue),549," Get it by Thursday, June 24FREE Delivery by Amazon",4.5 out of 5 stars,https://m.media-amazon.com/images/I/61eTnFwlbOL._AC_UY218_.jpg
Nx100s Stereo Headset With Foldable Microphone,"1,199"," Get it by Tomorrow, June 22FREE Delivery by Amazon",4.1 out of 5 stars,https://m.media-amazon.com/images/I/71fpWuOVTuL._AC_UY218_.jpg
OTOS Headphone for Mi Compatible Basic Headphones with Mic for Mi Redmi Note 9 9pro 8 8pro 7 7s 7pro Note 6 6pro 5 5pro Mi 4A 6 8 9 cc9 Poco F1 F2 Mi A1 A2 A3 K10 K20 K30 Y1 Y2 Y3 Extra Sound Bass Noise Cancellation-Assorted,349,"Get it Sunday, June 27 - Monday, June 28",4.3 out of 5 stars,https://m.media-amazon.com/images/I/61zzoRHXevL._AC_UY218_.jpg
eTRIBO B11 Bluetooth Wireless Headphones Sport Stereo Headsets Hands-Free with Microphone and Neckband for Android and iOS Devices (Multi Colored) (Standard) (Black),349,"Get it by Friday, June 25",4.1 out of 5 stars,https://m.media-amazon.com/images/I/31Wjv75RQ8L._AC_UY218_.jpg
WeCool Moonwalk Mini Earbuds with Magnetic Charging Case IPX5 Wireless Earphones with Digital Battery Indicator for Crisp Sound Bluetooth Earphones for Secure Sports Fit,799," Get it by Saturday, June 26FREE Delivery by Amazon",3.4 out of 5 stars,https://m.media-amazon.com/images/I/61kMZ0w6WOL._AC_UY218_.jpg
"Zebronics Zeb-Duke Bluetooth Headphone with Voice Assistant Support, Multifunction Button, AUX Input and RGB Lights","1,299"," Get it by Monday, June 28FREE Delivery by Amazon",5.0 out of 5 stars,https://m.media-amazon.com/images/I/714jbjaQpXL._AC_UY218_.jpg
"Boult Audio ProBass FluidX Over-Ear Unbreakable Wireless Bluetooth Headphones with Microphone, Headset with Passive Noise Cancellation & Long Battery Life","1,099",FREE Delivery by Amazon,1.0 out of 5 stars,https://m.media-amazon.com/images/I/81BrGPH+g1L._AC_UY218_.jpg
Zebronics Zeb-Bang Bluetooth Headphone with Voice Assistant (Orange),849," Get it by Tomorrow, June 22FREE Delivery by Amazon",3.8 out of 5 stars,https://m.media-amazon.com/images/I/71YDoi-vKYL._AC_UY218_.jpg
"Praxan SH-12 HD Sound Quality Deep Bass Wireless Bluetooth Headphone With Music And Calling Control Adjustable And Foldable Soft Ear Cushions With FM, Aux & Usb Compatible With All Devices (Multi color)",529," Get it by Friday, June 25FREE Delivery by Amazon",3.9 out of 5 stars,https://m.media-amazon.com/images/I/51U-yRhreJL._AC_UY218_.jpg
Omniversal SH-12 Sports Wireless Bluetooth Headphone with FM/SD Card Slot with Music and Calling Control (Pink),424,"Get it Friday, June 25 - Saturday, June 26",3.8 out of 5 stars,https://m.media-amazon.com/images/I/41q+jzWFgRL._AC_UY218_.jpg
"RPM Euro Games Gaming Headphones Earphones with MIC for PS4, Xbox One, Nintendo Switch, PC, Android and iOS Mobile Phones - M2 Red",659," Get it by Thursday, June 24FREE Delivery by Amazon",3.7 out of 5 stars,https://m.media-amazon.com/images/I/61J+OjFQ2yL._AC_UY218_.jpg
LJC Unicorn Headphones for Kids Built Material for Kids| Amazing Sound Quality,410,"Get it by Friday, June 25",4.0 out of 5 stars,https://m.media-amazon.com/images/I/51UwYzTJUXS._AC_UY218_.jpg
"Motorola Pace 110 in-Ear Headphones with Mic, Extra Bass & Alexa Built-in(Black)",495,"Get it Saturday, June 26 - Sunday, June 27",3.8 out of 5 stars,https://m.media-amazon.com/images/I/71cCxlpdpxL._AC_UY218_.jpg
Aerizo JBT6 On-Ear Wired Extra-Bass Headphone with in-Built Mic | Tangle Free Cable | 3.5mm Jack | High Performance Compatible with All Smartphones/Laptop/Tablets,269,"Get it Saturday, June 26 - Sunday, June 27",3.5 out of 5 stars,https://m.media-amazon.com/images/I/51KDEO7FtpL._AC_UY218_.jpg
"TEQNEQ Combo of Magnetic Wireless Bluetooth Headset Hands-Free Bluetooth Earphone Headphone Mic for Calling & Built-in for Lenovo,Samsung,Sony,Oppo,Vivo All Android & Apple Phones",349," Get it by Friday, June 25",5.0 out of 5 stars,https://m.media-amazon.com/images/I/31xOsKsTzbL._AC_UY218_.jpg
"Kotion Each GS410 Headphones with Mic and for PS4, Xbox One, Laptop, PC, iPhone and Android Phones(Blue)","1,099"," Get it by Tomorrow, June 22FREE Delivery by Amazon",4.0 out of 5 stars,https://m.media-amazon.com/images/I/81NRXI322NL._AC_UY218_.jpg
"Boult Audio ProBass Thunder Over-Ear Wireless Bluetooth Headphones with Mic, Headset with Passive Noise Cancellation & Long Battery Life","1,199"," Get it by Friday, June 25FREE Delivery by Amazon",3.3 out of 5 stars,https://m.media-amazon.com/images/I/81bgqR0BQhL._AC_UY218_.jpg
"Sony WH-CH710N Noise Cancelling Wireless Headphones : Bluetooth Over The Ear Headset with Mic for Phone-Call, 35 Hours Battery Life, Quick Charge and Google Assitant - Black","7,990"," Get it by Tomorrow, June 22FREE Delivery by Amazon",2.8 out of 5 stars,https://m.media-amazon.com/images/I/61N6Ai7RkJL._AC_UY218_.jpg
"MYXR+ Active Noise Cancelling(ANC) Wireless Headphones MX36 (Platinum) : 50 Hours Battery, Qualcomm 5.0 Bluetooth Chip, Type-C Fast Charging","6,499"," Get it by Saturday, June 26FREE Delivery by Amazon",3.5 out of 5 stars.,https://m.media-amazon.com/images/I/71012pZfQlL._AC_UY218_.jpg
Shure SRH440 Professional Studio Headphones (Black),"7,099"," Get it by Friday, June 25FREE Delivery by Amazon",3.2 out of 5 stars.,https://m.media-amazon.com/images/I/61pWKM+z90L._AC_UY218_.jpg
"Cosmic Byte GS430 Gaming Headphone, 7 Color RGB LED and Microphone for PC, PS5, Xbox, Mobiles, Tablets, Laptops (Grey)","1,191"," Get it by Tomorrow, June 22FREE Delivery by Amazon",3.2 out of 5 stars.,https://m.media-amazon.com/images/I/71YK5sQzzFL._AC_UY218_.jpg
Bluetooth in-Ear Wireless Neckband Earphone with Mic Latest Bluetooth 5.0 Wireless Earphones Headphones Earbuds 8 Hours Playtime Built-in Extra Bass and Assistant Control (Black-147),499," Get it by Saturday, June 26FREE Delivery",3.6 out of 5 stars,https://m.media-amazon.com/images/I/51G8026XHAS._AC_UY218_.jpg
"ROCK LYFE Combo Wireless Magnet Bluetooth Earphone Headphone with Mic, Stereo Sound with Music Sports Wireless Bluetooth Headset Compatible with All Android and Phone Devices",363," Get it by Saturday, July 3FREE Delivery",4.5 out of 5 stars,https://m.media-amazon.com/images/I/31Dn03vtFvL._AC_UY218_.jpg
"Mingpai Future LB20 IPX5 TWS Bluetooth 5.0 Earbuds with Microphone, 9D Stereo Sound, Clear Call, Touch Control, USB-C Charge, Bluetooth V5.0, Waterproof, Secure Fit, in-Ear Headphones Earphones",899," Get it by Saturday, June 26FREE Delivery",4.1 out of 5 stars,https://m.media-amazon.com/images/I/61tANQta8BS._AC_UY218_.jpg
Omniversal SH-12 Sports Wireless Bluetooth Headphone with FM/SD Card Slot with Music and Calling Control (Pink),424,"Get it Friday, June 25 - Saturday, June 26₹74 shipping",3.7 out of 5 stars,https://m.media-amazon.com/images/I/41q+jzWFgRL._AC_UY218_.jpg
eTRIBO B11 Neckband Bluetooth Headphones Wireless Sport Stereo Headsets Hands-Free Earphones with Inbuilt Mic for All Smartphones & Tablets7,398," Get it by Friday, June 25FREE Delivery over ₹499. Fulfilled by Amazon",3.2 out of 5 stars,https://m.media-amazon.com/images/I/51MaP0kVUmL._AC_UY218_.jpg
"INFInxt Unicorn Wired Headphones with Adjustable Headband, 3.5 mm Jack and Tangle-Free Cord, Over On Ear Headset for Girls/Birthday Gifts/Unicorn Gift (Random Color)",599," Get it by Wednesday, June 23FREE Delivery by Amazon",3.8 out of 5 stars,https://m.media-amazon.com/images/I/41vRf9m5pVL._AC_UY218_.jpg
"pTron Bassbuds Vista in-Ear True Wireless Bluetooth 5.1 Headphones with Deep Bass, IPX4 Water/Sweat Resistant, Passive Noise Cancelation, Voice Assistance & Earbuds with Built-in HD Mic (Blue)",999," Get it by Tomorrow, June 22FREE Delivery by Amazon",1.0 out of 5 stars,https://m.media-amazon.com/images/I/41NtIoYQv-S._AC_UY218_.jpg
"Boult Audio ProBass FluidX Over-Ear Unbreakable Wireless Bluetooth Headphones with Microphone, Headset with Passive Noise Cancellation & Long Battery Life","1,099",FREE Delivery by Amazon,3.9 out of 5 stars,https://m.media-amazon.com/images/I/81BrGPH+g1L._AC_UY218_.jpg
Zebronics Zeb-Bang Bluetooth Headphone with Voice Assistant (Orange),849," Get it by Tomorrow, June 22FREE Delivery by Amazon",3.7 out of 5 stars,https://m.media-amazon.com/images/I/71YDoi-vKYL._AC_UY218_.jpg
Frontech Headset+MIC FT-750   HF-3442,560," Get it by Friday, June 25FREE Delivery",3.8 out of 5 stars,https://m.media-amazon.com/images/I/318jGk6zWsL._AC_UY218_.jpg
"Prezzie Villa® Frozen Kids Wire Headphone with Mic 3.5mm Jack Bass Booster Foldable Adjustable On-Ear Headphones for School, Compatible with Cellphones, Tablets, PC (Pack of 1)",499," Get it by Friday, June 25FREE Delivery",3.7 out of 5 stars,https://m.media-amazon.com/images/I/41SAc8DDcJS._AC_UY218_.jpg
"Boult Audio ProBass X1-WL in-Ear Wireless Earphones with 10 Hours Battery Life, Latest Bluetooth 5.0, IPX5 Sweatproof Headphones with mic (Black)",899," Get it by Thursday, June 24FREE Delivery by Amazon",3.6 out of 5 stars,https://m.media-amazon.com/images/I/71rPLeoVzWL._AC_UY218_.jpg
"EKSA T8 Stereo Gaming Headphones for PS4 PC Xbox One PS5 Controller, Noise Cancelling Over Ear Headphones with Mic, LED Light, Bass Surround, Soft Memory Earmuffs for Laptop Mac Nintendo NES Games","1,599"," Get it by Friday, June 25FREE Delivery by Amazon",5.0 out of 5 stars,https://m.media-amazon.com/images/I/81vjtJCTpfL._AC_UY218_.jpg
"Leaf Rush Wireless Neckband Bluetooth Earphones with Mic and 12 Hours Battery Life, Fast Charging Sweatproof Headphones with Magnetic Earbuds and Bluetooth v5.0 for Better Connectivity (Carbon Black)","1,299"," Get it by Tomorrow, June 22FREE Delivery by Amazon",4.0 out of 5 stars,https://m.media-amazon.com/images/I/614rUXt1D6L._AC_UY218_.jpg
boAt Rockerz 400 Bluetooth On-Ear Headphone with Mic(Grey/Green),"1,299"," Get it by Thursday, June 24FREE Delivery by Amazon",4.2 out of 5 stars,https://m.media-amazon.com/images/I/61WqF8Y6HTL._AC_UY218_.jpg
iBall Decibel Bluetooth 5.0 Headphone with SD/FM/Alexa Built-in (Black Edition),"1,595"," Get it by Saturday, June 26FREE Delivery by Amazon",3.9 out of 5 stars,https://m.media-amazon.com/images/I/51Qf06OXpPL._AC_UY218_.jpg
"CRAYOTALK P01 Combo Wireless Bluetooth Headphones, Headset with Mic and Sound Button Earphone for Mi Note 5/6/7 Pro, 6A, Y2, A2, A1, Y3 All Smartphones (Black)",349," Get it by Sunday, June 27FREE Delivery",4.1 out of 5 stars,https://m.media-amazon.com/images/I/31Bs22mwW1L._AC_UY218_.jpg
"Boult Audio ProBass Thunder Over-Ear Wireless Bluetooth Headphones with Mic, Headset with Passive Noise Cancellation & Long Battery Life","1,199"," Get it by Friday, June 25FREE Delivery by Amazon",3.8 out of 5 stars,https://m.media-amazon.com/images/I/81bgqR0BQhL._AC_UY218_.jpg
"Sony WH-CH710N Noise Cancelling Wireless Headphones : Bluetooth Over The Ear Headset with Mic for Phone-Call, 35 Hours Battery Life, Quick Charge and Google Assitant - Black","7,990"," Get it by Tomorrow, June 22FREE Delivery by Amazon",3.8 out of 5 stars,https://m.media-amazon.com/images/I/61N6Ai7RkJL._AC_UY218_.jpg
"MYXR+ Active Noise Cancelling(ANC) Wireless Headphones MX36 (Platinum) : 50 Hours Battery, Qualcomm 5.0 Bluetooth Chip, Type-C Fast Charging","6,499"," Get it by Saturday, June 26FREE Delivery by Amazon",3.5 out of 5 stars.,https://m.media-amazon.com/images/I/71012pZfQlL._AC_UY218_.jpg
Shure SRH440 Professional Studio Headphones (Black),"7,099"," Get it by Friday, June 25FREE Delivery by Amazon",3.2 out of 5 stars.,https://m.media-amazon.com/images/I/61pWKM+z90L._AC_UY218_.jpg
"Boult Audio ProBass Ranger Over-Ear Wireless Bluetooth Headphones with Microphone, Headset with Noise Cancellation & Long Battery Life","1,799"," Get it by Thursday, June 24FREE Delivery by Amazon",3.2 out of 5 stars.,https://m.media-amazon.com/images/I/811f+DPKP-L._AC_UY218_.jpg
Razy HBS-730 Neckband Bluetooth Headphones Wireless Sport Stereo Headsets Handsfree with Microphone for Android(1 Year Warranty),299,"Get it Friday, June 25 - Saturday, June 26₹60 shipping",3.6 out of 5 stars,https://m.media-amazon.com/images/I/41CUaZThC4L._AC_UY218_.jpg
Nx100 Stereo Headset With Foldable Microphone,557," Get it by Tomorrow, June 22FREE Delivery by Amazon",4.5 out of 5 stars,https://m.media-amazon.com/images/I/718AZQ0GRFL._AC_UY218_.jpg
Vivo High Bass Wired Earphone with mic for Vivo Y93,249,"Get it Friday, June 25 - Saturday, June 26₹90 shipping",3.8 out of 5 stars,https://m.media-amazon.com/images/I/31UtVbPReqS._AC_UY218_.jpg
"Wireless Bluetooth Headphones Earphone For OnePlus 8 Pro Neckband Earphone Bluetooth 5.0 Wireless Headphones with Hi-Fi Stereo Sound, 12Hrs Playtime, Lightweight Ergonomic Neckband, Sweat-Resistant Magnetic Earbuds Bluetooth Neckband with Vibration Alert for Calls, in-Ear Wireless Earphones with 12 Hour Battery Life, Fast Charging & in-Built Mic, IPX5 Sweatproof Headphones (Color As per Available)",899," Get it by Saturday, June 26FREE Delivery",3.0 out of 5 stars,https://m.media-amazon.com/images/I/51CbnLe0AXS._AC_UY218_.jpg
"pTron Tangent Lite Bluetooth 5.0 Wireless Headphones with Hi-Fi Stereo Sound, 6Hrs Playtime, Lightweight Ergonomic Neckband, Sweat-Resistant Magnetic Earbuds, Voice Assistant & Mic - (Black & Green)",599," Get it by Monday, June 28FREE Delivery by Amazon",3.5 out of 5 stars,https://m.media-amazon.com/images/I/61H2AtoBZdL._AC_UY218_.jpg
"ZEBRONICS Zeb-Grace U USB Headphone with Mic, for PC/Laptops, Adjustable Headband & Mic, Cushion Earcups, LED Indicators, Multifunction Control Pod, Black","1,229"," Get it by Sunday, June 27FREE Delivery",3.5 out of 5 stars,https://m.media-amazon.com/images/I/61cpv9RSEEL._AC_UY218_.jpg
Tool Point Wireless Neckband for Real_me Bluetooth Classic Buds Wireless in-Ear Sports Magnetic Bluetooth Headphone Headset with mic (Yellow),549," Get it by Saturday, June 26FREE Delivery",2.5 out of 5 stars,https://m.media-amazon.com/images/I/513rAEpS-BS._AC_UY218_.jpg
"Boult Audio ProBass FluidX Over-Ear Unbreakable Wireless Bluetooth Headphones with Microphone, Headset with Passive Noise Cancellation & Long Battery Life","1,099",FREE Delivery by Amazon,2.0 out of 5 stars,https://m.media-amazon.com/images/I/81BrGPH+g1L._AC_UY218_.jpg
Zebronics Zeb-Bang Bluetooth Headphone with Voice Assistant (Orange),849," Get it by Tomorrow, June 22FREE Delivery by Amazon",3.8 out of 5 stars,https://m.media-amazon.com/images/I/71YDoi-vKYL._AC_UY218_.jpg
"ALWAYS TREND Frozen Kids Wire Headphone 3.5mm Jack Bass Booster Foldable Adjustable On-Ear Headphones for School, Compatible with Cellphones, Tablets, PC (Pack of 1)",425,"Get it Tuesday, June 29 - Wednesday, June 30₹75 shipping",3.7 out of 5 stars,https://m.media-amazon.com/images/I/61JEfSuXR4L._AC_UY218_.jpg
Azotiquee Multi Fur Over Ear Wired Headphones with Adjustable Headband 3.5 mm Jack & Mic for Kids Birthday Gifts,599,"Get it Friday, June 25 - Saturday, June 26₹45 shipping",4.6 out of 5 stars,https://m.media-amazon.com/images/I/41BhpbAi3pL._AC_UY218_.jpg
Mingpai Storm F9 Wireless Earbuds Bluetooth 5.1 with Charging Case LED Battery Display 220H Standby IPX7 Waterproof TWS Stereo Headphones in Ear Built in Mic Headset Deep Bass Hi-Fi Sound for Sport,949," Get it by Saturday, June 26FREE Delivery",3.9 out of 5 stars,https://m.media-amazon.com/images/I/71Kikq3jTwS._AC_UY218_.jpg
Boult Audio BassBuds Storm in-Ear Wired Earphones with Mic and Full Metal Body for Extra Bass & HD Sound with Passive Noise Cancellation (Black),349,FREE Delivery over ₹499. Fulfilled by Amazon,3.9 out of 5 stars,https://m.media-amazon.com/images/I/7170KkO3wdL._AC_UY218_.jpg
"RPM Euro Games 4D Premium Gaming Headphones with Mic for Mobile, Tablet, PC, PS4, Xbox One - Red",799,FREE Delivery by Amazon,3.8 out of 5 stars,https://m.media-amazon.com/images/I/51vDPMETGMS._AC_UY218_.jpg
Cabriza DF56 Wired On-The Ear High Bass Solo hd Headphone with 3.5mm Audio Jack Supported Compatible with All Smartphone & Other Devices(Multi-Color),229,"Get it Saturday, June 26 - Sunday, June 27₹80 shipping",4.1 out of 5 stars,https://m.media-amazon.com/images/I/418cKS7kFeL._AC_UY218_.jpg
"Boult Audio ProBass FluidX Over-Ear Unbreakable Wireless Bluetooth Headphones with Microphone, Headset with Passive Noise Cancellation & Long Battery Life","1,099",FREE Delivery by Amazon,3.8 out of 5 stars,https://m.media-amazon.com/images/I/81BrGPH+g1L._AC_UY218_.jpg
"pTron Tangentbeat Bluetooth 5.0 Wireless Headphones with Deep Bass, Ergonomic Design, IPX4 Sweat/Waterproof Neckband, Magnetic Earbuds, Voice Assistant, Passive Noise Cancelation & Mic - (Black & Red)",799," Get it by Tomorrow, June 22FREE Delivery by Amazon",3.8 out of 5 stars,https://m.media-amazon.com/images/I/51-tUZahTIL._AC_UY218_.jpg
"Boult Audio ProBass Thunder Over-Ear Wireless Bluetooth Headphones with Mic, Headset with Passive Noise Cancellation & Long Battery Life","1,199"," Get it by Friday, June 25FREE Delivery by Amazon",4 Stars & Up,https://m.media-amazon.com/images/I/81bgqR0BQhL._AC_UY218_.jpg
"Sony WH-CH710N Noise Cancelling Wireless Headphones : Bluetooth Over The Ear Headset with Mic for Phone-Call, 35 Hours Battery Life, Quick Charge and Google Assitant - Black","7,990"," Get it by Tomorrow, June 22FREE Delivery by Amazon",3 Stars & Up,https://m.media-amazon.com/images/I/61N6Ai7RkJL._AC_UY218_.jpg
